URI	Nom du Fichier	P102 has title	P4 has time-span U8 foresees time span	Similarité
				
MEME DATE SEULEMENT				
				
<http://data.doremus.org/performance/d39a39a8-6c3e-33ac-854c-b14eb4d3174f>	1015035.ttl	Johann Sebastian Bach. Les Tempéraments	2014-03-20T19:00	
				
<http://data.doremus.org/performance/f658dda1-9b5e-3be4-8be1-042b780b3955>	15332.ttl	Les Maîtres du Motet français	2016-05-19T20:30	Similarité :0.428
<http://data.doremus.org/performance/4c628753-51a9-3ff8-8974-be39fbd50bab>	1049486.ttl	Orchestre de Paris, Daniel Harding	2016-05-19T20:30	
				
<http://data.doremus.org/performance/edf11f08-0139-3cd0-8a56-f393a7eac45d>	13399.ttl	Orchestre de Paris - Paavo Järvi - Radu Lupu - Katija Dragojevic	2016-05-19T20:30	Similarité :0.6345
<http://data.doremus.org/performance/4c628753-51a9-3ff8-8974-be39fbd50bab>	1049486.ttl	Orchestre de Paris, Daniel Harding	2016-05-19T20:30	
				
<http://data.doremus.org/performance/2bb46a2b-5f35-3698-be79-de685366a655>	16837.ttl	Orchestre de Paris	2014-04-11T20:00	Similarité :0.5445
<http://data.doremus.org/performance/0b5a2ca0-74ca-37a9-b2d4-cb6509de81c9>	1016854.ttl	Orchestre Philharmonique de Radio France, Myung-Whun Chung	2014-04-11T20:00	
				
<http://data.doremus.org/performance/60e488da-91af-3627-920d-2a7000a04d23>	15553.ttl	Roméo et Juliette	2016-01-24T11:00	Similarité :0.3425
<http://data.doremus.org/performance/f2d5153c-ef96-3b92-9a69-5ea8fbd950a8>	1046555.ttl	Biennale de quatuors à cordes. Quatuor Modigliani	2016-01-24T11:00	
				
<http://data.doremus.org/performance/2657c364-b88b-342b-b7c6-0787f42ff37f>	15249.ttl	Barbara Hendricks	2016-03-12T20:30	Similarité :0.288
<http://data.doremus.org/performance/9ada2a80-b36b-3e0b-88e6-ccf8c88770ea>	1050318.ttl	Cycle Figures féminines. Iliade l'amour de Betsy Jolas	2016-03-12T20:30	
				
<http://data.doremus.org/performance/04a26bb6-33da-3680-83e9-a1402a39581b>	15277.ttl	Le Sacre du printemps	2016-04-08T20:30	Similarité :0.544
<http://data.doremus.org/performance/abf14b13-6240-3a96-9496-ed1cc11187e2>	1049476.ttl	Le Sacre du printemps. Orchestre national d+Île-de-France, Enrique Mazzola	2016-04-08T20:30	
				
<http://data.doremus.org/performance/458f57db-3d73-348d-9eba-4e6cb9d4e81b>	14065.ttl	Rising Stars : Quatuor Ardeo	2015-01-25T16:30	Similarité :0.422
<http://data.doremus.org/performance/7a4869d6-01a6-3288-af89-8e5a90938b5d>	1029290.ttl	Gustavo Dudamel 2	2015-01-25T16:30	
				
<http://data.doremus.org/performance/c2aeca1a-6e1e-3358-a353-8f1c98c96a0a>	14091.ttl	Madrigaux guerriers	2015-04-20T20:30	Similarité :0.6575
<http://data.doremus.org/performance/97e99afd-42e7-3c3a-9b45-f768f7f6a986>	1033095.ttl	Madrigaux guerriers. Paul Agnew, Les Arts Florissants	2015-04-20T20:30	
				
<http://data.doremus.org/performance/4d637107-9290-348d-94ca-154454177fd4>	13511.ttl	Béatrice Martin	2014-03-13T19:00	Similarité :0.41950000000000004
<http://data.doremus.org/performance/b6d85666-dfa7-3b95-9843-691118f041a1>	1014848.ttl	Johann Sebastian Bach. Les Tempéraments	2014-03-13T19:00	
				
<http://data.doremus.org/performance/5cd06f80-db72-31a5-8032-f6bd8746eb09>	13295.ttl	Menahem Pressler - Quatuor Ebène 	2013-11-07T20:00	Similarité :0.5355000000000001
<http://data.doremus.org/performance/43533faf-2ebb-31b7-bf75-1a5912021835>	1010647.ttl	Menahem Pressler, Wu Han, Christoph Prégardien, Quatuor Ebène, Benjamin Berlioz. Concert anniversaire 90 ans de Menahem Pressler	2013-11-07T20:00	
				
<http://data.doremus.org/performance/bc6a6017-c43a-3965-b7af-723795e4c72c>	14033.ttl	Insula Orchestra - Accentus - Laurence Equilbey	2014-10-11T20:00	Similarité :0.419
<http://data.doremus.org/performance/2243e6b4-5285-3717-bcc6-b22777409c16>	1022328.ttl	Guerre et Paix I. Bataille et victoire	2014-10-11T20:00	
				
<http://data.doremus.org/performance/f95d1cca-f5a3-39c4-ae70-f8c8bd53a134>	14206.ttl	Nuit du raga	2015-01-31T18:00	Similarité :0.45349999999999996
<http://data.doremus.org/performance/7b97f645-fc3c-3700-8d83-3e8a2db52113>	1030378.ttl	Week-end Nuit du raga, grands maîtres de l'Inde. Kushal Das	2015-01-31T18:00	
				
<http://data.doremus.org/performance/17f948eb-bac1-3895-9884-8bb418a6fed5>	13187.ttl	Les Dissonances - David Grimal	2014-05-25T16:30	Similarité :0.445
<http://data.doremus.org/performance/ed7cd670-e10b-39a7-990d-4dc0fdf470ec>	1017725.ttl	Domaine privé Henri Dutilleux	2014-05-25T16:30	
				
<http://data.doremus.org/performance/b38f1b6b-6d5e-3152-b247-eb54d6f9ae23>	17533.ttl	Erik Truffaz Quartet feat. Rokia Traoré / GoGo Penguin	2016-09-07T20:00	Similarité :0.4945
<http://data.doremus.org/performance/07ed5731-0f0e-3706-be9b-80edb2652110>	1056441.ttl	Jazz à la Villette : GoGo Penguin	2016-09-07T20:00	
				
<http://data.doremus.org/performance/56fab284-bcaf-307a-8132-319bbbf21995>	17235.ttl	Orchestre National de Jazz	2016-09-02T20:00	Similarité :0.362
<http://data.doremus.org/performance/759e84eb-b7e9-3970-939d-83fd2ef71501>	1056252.ttl	Jazz à la Villette : Europa Berlin	2016-09-02T20:00	
				
<http://data.doremus.org/performance/6b789b1e-eaf7-36ba-b76f-5835bbb3887c>	14354.ttl	Le Quintette à vent, de Haydn à Cage	2014-12-07T11:00	Similarité :0.528
<http://data.doremus.org/performance/7e3cd6e7-b734-378b-a9ec-ca7131b0cea7>	1029524.ttl	Concert éducatif scolaire. Le quintette à vent de Haydn à Cage	2014-12-07T11:00	
				
<http://data.doremus.org/performance/584bd6bd-ae73-3ad5-b9e7-df1ce04f753d>	13183.ttl	Ensemble De Caelis	2014-05-07T20:00	Similarité :0.3345
<http://data.doremus.org/performance/e8a1012e-5e91-3f66-a68e-d4f17ebfa643>	1017724.ttl	Orchestre de Paris, Daniel Harding, Christianne Stotijn	2014-05-07T20:00	
				
<http://data.doremus.org/performance/45c1e076-4b7a-3a38-952a-ce2a084b6b34>	14569.ttl	Cascadeur feat. Médéric Collignon	2014-09-10T20:00	Similarité :0.386
<http://data.doremus.org/performance/a25b7461-1640-3cdf-94f0-0458d356b8a2>	1021066.ttl	Jazz à la Villette. Roberto Fonseca solo	2014-09-10T20:00	
				
<http://data.doremus.org/performance/bf3f6ed4-af3e-34a9-9572-8e64ad68e1b8>	15165.ttl	Gewandhausorchester Leipzig	2015-10-10T20:30	Similarité :0.43299999999999994
<http://data.doremus.org/performance/02930d8d-adbf-3d1a-ba82-f17772f51951>	1041823.ttl	Week-end Turbulences numériques. Grand soir	2015-10-10T20:30	
				
<http://data.doremus.org/performance/a8ebd6f7-019c-38b4-82b3-f60be56eeadf>	14572.ttl	"Archie Shepp « Swinging The Blues\"" feat. Joe Louis Walker & Amina Claudine Myers"	2014-09-14T19:00	Similarité :0.362
<http://data.doremus.org/performance/ebc94e3c-5f26-3794-a5ea-81c5f49ad301>	1021073.ttl	Jazz à la Villette. Enzo Carniel Sextet	2014-09-14T19:00	
				
<http://data.doremus.org/performance/a8ebd6f7-019c-38b4-82b3-f60be56eeadf>	14572.ttl	"Archie Shepp « Swinging The Blues\"" feat. Joe Louis Walker & Amina Claudine Myers"	2014-09-14T19:00	Similarité :0.458
<http://data.doremus.org/performance/398c4d1d-fe02-3f33-bf36-316166b12a9d>	1021068.ttl	"Jazz à la Villette. Archie Shepp \""Swinging The Blues\"""	2014-09-14T19:00	
				
<http://data.doremus.org/performance/8723067f-d805-3621-a60a-cf7655780ed6>	16921.ttl	Ernest Ranglin & friends feat. Cheikh Lô, Tony Allen, Courtney Pine, Ira Coleman & Alex Wilson	2016-08-31T20:00	Similarité :0.363
<http://data.doremus.org/performance/3370d0e9-fffa-3128-b7ff-cf763a82b497>	1056241.ttl	Jazz à la Villette : Sonny Troupé Quartet	2016-08-31T20:00	
				
<http://data.doremus.org/performance/3e1a2e83-ffba-3506-bd15-1a05df531e21>	14259.ttl	Messe en si	2015-04-03T20:30	Similarité :0.306
<http://data.doremus.org/performance/aceeaa92-cba7-3118-8569-c1f424589f4c>	1032059.ttl	Week-end Bach. Messe en si, English Baroque Soloists, Monteverdi Choir, Sir John Eliot Gardiner	2015-04-03T20:30	
				
<http://data.doremus.org/performance/749b82f3-5670-3060-b2fe-698615c38837>	14057.ttl	Ensemble intercontemporain - Tito Ceccherini	2015-01-16T20:30	Similarité :0.408
<http://data.doremus.org/performance/b9c8c77f-4b81-3057-8772-8572846e8f2a>	1029285.ttl	Les Arts Florissants, William Christie	2015-01-16T20:30	
				
<http://data.doremus.org/performance/254365ca-42db-331b-adc2-dd60937a5b8c>	15150.ttl	Concert de Noël	2015-12-22T20:30	Similarité :0.5185
<http://data.doremus.org/performance/fbed1611-5926-32b7-9dbe-068691191f96>	1043813.ttl	Concert de Noël avec bis participatif. Orchestre de chambre de Paris, Accentus	2015-12-22T20:30	
				
<http://data.doremus.org/performance/efb2681a-96f8-3db0-90a3-68332b5f5548>	13509.ttl	Céline Frisch	2014-03-12T19:00	Similarité :0.3275
<http://data.doremus.org/performance/94006dc3-70f2-348e-8686-4d2eeb5e0742>	1014839.ttl	Johann Sebastian Bach. Les Tempéraments	2014-03-12T19:00	
				
<http://data.doremus.org/performance/3b279a38-ab50-36d3-91fa-7901c9a428c5>	14066.ttl	Rising Stars : Michael Petrov - Ashley Fripp	2015-01-24T20:30	Similarité :0.294
<http://data.doremus.org/performance/bfe06cde-99b6-349f-94e8-1861fcb095d5>	1029288.ttl	Week-end Nouvelles vagues. Gustavo Dudamel 1	2015-01-24T20:30	
				
<http://data.doremus.org/performance/1e1b3f29-b992-38c1-900b-d680cce74f59>	15219.ttl	Gruppen	2016-01-30T20:30	Similarité :0.3075
<http://data.doremus.org/performance/168c0e69-47ed-3d1d-b23d-1b58b1ac97d9>	1049601.ttl	Week-end Stockhausen. Gruppen. Ensemble intercontemporain, Orchestre du Conservatoire de Paris	2016-01-30T20:30	
				
<http://data.doremus.org/performance/963729bc-52b5-3137-b61c-44a4f4f8eae3>	13524.ttl	Violaine Cochard	2014-03-18T19:00	Similarité :0.3705
<http://data.doremus.org/performance/3591c761-d53a-3b64-ae6f-852386486969>	1015031.ttl	Johann Sebastian Bach. Les Tempéraments	2014-03-18T19:00	
				
<http://data.doremus.org/performance/0dc2db6c-107c-39aa-8363-7959887c28ac>	13520.ttl	Jean-Luc Ho	2014-03-11T19:00	Similarité :0.366
<http://data.doremus.org/performance/fe810219-3ad0-3469-bc3a-3fbad7afb344>	1014834.ttl	Johann Sebastian Bach. Les Tempéraments	2014-03-11T19:00	
				
<http://data.doremus.org/performance/33762e46-2ed3-3ac0-b316-3d976b7590a4>	14026.ttl	La Chambre Philharmonique - Emmanuel Krivine - Steven Isserlis	2014-12-16T20:00	Similarité :0.4255
<http://data.doremus.org/performance/a11fe853-dfd6-3607-90f2-b83e1f326759>	0241132.ttl	Cité-Jazz. Henri Texier Sonjal Septet	2014-12-16T20:00	
				
<http://data.doremus.org/performance/33762e46-2ed3-3ac0-b316-3d976b7590a4>	14026.ttl	La Chambre Philharmonique - Emmanuel Krivine - Steven Isserlis	2014-12-16T20:00	Similarité :0.4395
<http://data.doremus.org/performance/84bf9d3f-369e-37fb-9634-e63d8738e8df>	0769248.ttl	La transcription. Les Motivés : transcriptions de chants partisans	2014-12-16T20:00	
				
<http://data.doremus.org/performance/cc0e1e56-c3bb-3692-b287-20bf996620d3>	13533.ttl	Bob van Asperen - Olivier Baumont	2014-03-21T21:00	Similarité :0.4575
<http://data.doremus.org/performance/86c3c572-1bba-319a-a0a1-fbfaf64872ba>	1015040.ttl	Johann Sebastian Bach. Les Tempéraments, In memoriam Gustav Leonhardt	2014-03-21T21:00	
				
<http://data.doremus.org/performance/c822a105-cbaf-3621-90bd-7a68073e9454>	13522.ttl	Kenneth Weiss	2014-03-16T16:30	Similarité :0.389
<http://data.doremus.org/performance/d9fec198-2b1d-3a21-b468-d4aed2fccdd7>	1015030.ttl	Johann Sebastian Bach. Les Tempéraments	2014-03-16T16:30	
				
<http://data.doremus.org/performance/c822a105-cbaf-3621-90bd-7a68073e9454>	13522.ttl	Kenneth Weiss	2014-03-16T16:30	Similarité :0.3015
<http://data.doremus.org/performance/1eda96be-f3d1-3faf-a10a-b9e657ef4980>	0950803.ttl	Orchestre de Paris, Paavo Järvi, Vadim Repin	2014-03-16T16:30	
				
<http://data.doremus.org/performance/cc91b140-48ad-3785-bfa0-22370d74d741>	16605.ttl	Mécaniques Célestes	2016-11-15T20:30	Similarité :0.6515
<http://data.doremus.org/performance/bbbf0b60-5c65-3e38-b301-edeb7c413912>	1059032.ttl	Mécaniques célestes. Ensemble intercontemporain	2016-11-15T20:30	
				
<http://data.doremus.org/performance/0b0322cb-7ba3-3cd2-b20d-6ce024614d2a>	13135.ttl	Ensemble intercontemporain - Matthias Pintscher	2013-11-08T20:00	Similarité :0.446
<http://data.doremus.org/performance/ab518472-3c2e-3cd1-9157-8f0892cb6747>	1010650.ttl	Orchestre Philharmonique de Radio France, Myung-Whun Chung, Nicolas Baldeyrou, Christophe Henry	2013-11-08T20:00	
				
<http://data.doremus.org/performance/a2b0d459-7df7-3b7b-9d56-7538a6d8067c>	16871.ttl	Beethoven 	2016-10-15T17:00	Similarité :0.265
<http://data.doremus.org/performance/954af6af-92c7-3301-805d-8c7313833c10>	1057932.ttl	Cycle Ludwig van. Fantaisie. Insula Orchestra, Accentus	2016-10-15T17:00	
				
<http://data.doremus.org/performance/2c1f2aa9-4be8-303c-9d1b-47f61a44fa97>	16545.ttl	Grand soir	2016-09-24T20:30	Similarité :0.301
<http://data.doremus.org/performance/4882b79c-6d45-3888-ad1a-4a141dbaad0b>	1057075.ttl	Week-end Bryce Dessner Counter-Points. Grand soir. Bryce Dessner, Matthias Pintscher, Ensemble intercontemporain	2016-09-24T20:30	
				
<http://data.doremus.org/performance/ab93738d-ec25-39c4-a7a9-8b02558444a7>	16835.ttl	Fantaisie	2016-10-15T17:00	Similarité :0.381
<http://data.doremus.org/performance/954af6af-92c7-3301-805d-8c7313833c10>	1057932.ttl	Cycle Ludwig van. Fantaisie. Insula Orchestra, Accentus	2016-10-15T17:00	
				
<http://data.doremus.org/performance/c4d71623-a795-3645-9aad-718d6fedba0f>	14186.ttl	Orchestre Philharmonique de Radio France - Vasily Petrenko - Baïba Skride	2014-10-17T20:00	Similarité :0.4485
<http://data.doremus.org/performance/1d0a435f-0640-3f88-88e2-76c63dd79fa4>	1023309.ttl	Ensemble intercontemporain, Matthias Pintscher	2014-10-17T20:00	
				
<http://data.doremus.org/performance/e75ff38c-01b0-35cd-aca2-fec21ab11ac4>	14029.ttl	Les Dissonances - David Grimal	2014-10-21T20:00	Similarité :0.427
<http://data.doremus.org/performance/488d8e25-8bc9-38d5-9bc8-ee5aa8421420>	0241205.ttl	Cité-chanson. Chansons de l'Océan indien. Danyel Waro (La Réunion)	2014-10-21T20:00	
				
<http://data.doremus.org/performance/28ecf2c6-e15c-3d0a-84bc-1b68c49e2c0b>	14520.ttl	Festival de Jérusalem	2015-02-10T20:30	Similarité :0.4005
<http://data.doremus.org/performance/e5244d2c-5767-3bba-9f0c-b622aa473e8a>	1030359.ttl	Tindersticks	2015-02-10T20:30	
				
<http://data.doremus.org/performance/8862bd0c-1419-30b2-b602-f6b7f12d178b>	13238.ttl	Univers parallèles	2014-06-18T20:00	Similarité :0.559
<http://data.doremus.org/performance/ac1c38a9-a5e9-3830-bc37-ff4455897231>	1019812.ttl	Visions du monde. Univers parallèles : rencontre	2014-06-18T20:00	
				
<http://data.doremus.org/performance/abc0040b-6787-3c54-9287-f6083a1b0835>	14211.ttl	The Divine Comedy	2015-02-11T20:30	Similarité :0.351
<http://data.doremus.org/performance/77887466-9b10-33a3-9732-0203bee7f372>	0890256.ttl	Orchestre National de Montpellier Languedoc-Roussillon	2015-02-11T20:30	
				
<http://data.doremus.org/performance/676b8d1e-d2f4-34f9-a142-b1062df88943>	15199.ttl	Orchestre de Paris 	2015-02-11T20:30	Similarité :0.344
<http://data.doremus.org/performance/85397dd1-dae9-3e89-9631-c58583d850ba>	1030372.ttl	The Divine Comedy	2015-02-11T20:30	
				
<http://data.doremus.org/performance/676b8d1e-d2f4-34f9-a142-b1062df88943>	15199.ttl	Orchestre de Paris 	2015-02-11T20:30	Similarité :0.5445
<http://data.doremus.org/performance/77887466-9b10-33a3-9732-0203bee7f372>	0890256.ttl	Orchestre National de Montpellier Languedoc-Roussillon	2015-02-11T20:30	
				
<http://data.doremus.org/performance/f9264539-6237-37e4-9a1f-fc0b33d87ef2>	14182.ttl	Gautier Capuçon / Yuja Wang 	2014-10-11T20:00	Similarité :0.368
<http://data.doremus.org/performance/2243e6b4-5285-3717-bcc6-b22777409c16>	1022328.ttl	Guerre et Paix I. Bataille et victoire	2014-10-11T20:00	
				
<http://data.doremus.org/performance/daa796d9-b9f1-36cc-8fd3-891609e36e60>	15435.ttl	Angélique Kidjo & Philip Glass	2015-10-03T20:30	Similarité :0.587
<http://data.doremus.org/performance/853c7da1-1050-34f8-8f12-f5a1b4173b1a>	1041702.ttl	Week-end Dialogues des cultures. Angélique Kidjo et Philip Glass	2015-10-03T20:30	
				
<http://data.doremus.org/performance/5d04ed87-4c89-30d1-a941-1e0afd364012>	15538.ttl	Quatuor Modigliani	2016-01-24T11:00	Similarité :0.521
<http://data.doremus.org/performance/f2d5153c-ef96-3b92-9a69-5ea8fbd950a8>	1046555.ttl	Biennale de quatuors à cordes. Quatuor Modigliani	2016-01-24T11:00	
				
<http://data.doremus.org/performance/90664e00-b22a-31cd-b83a-fb9cf5d4e02c>	13191.ttl	Les Arts Florissants	2014-01-16T20:00	Similarité :0.29400000000000004
<http://data.doremus.org/performance/1f331cd5-0328-3ab0-b4c2-5c14f3173ae2>	1012675.ttl	Intervalle. Paul Agnew, madrigaux livre VI	2014-01-16T20:00	
				
<http://data.doremus.org/performance/2847226e-5a1a-32db-8631-60ff8ae2728d>	14108.ttl	Insula Orchestra - Laurence Equilbey	2015-03-23T20:30	Similarité :0.6579999999999999
<http://data.doremus.org/performance/4d3ab070-cdbc-3cb2-b600-031d7ddd3427>	1031330.ttl	Insula Orchestra, symphonies d'un monde nouveau	2015-03-23T20:30	
				
<http://data.doremus.org/performance/c9cc1dd9-7ba1-3fea-947a-e62645e47bed>	15529.ttl	Quatuor Borodine	2016-01-20T20:30	Similarité :0.4495
<http://data.doremus.org/performance/600823eb-b42e-353d-a9a7-6b25f56c9b23>	1045740.ttl	Biennale de quatuors à cordes. Quatuor Borodine. Concert des 70 ans	2016-01-20T20:30	
				
<http://data.doremus.org/performance/08737546-a99f-3498-8544-fbefd90948c4>	15331.ttl	La Force du Destin	2016-05-30T20:30	Similarité :0.6005
<http://data.doremus.org/performance/f321e87e-ff53-3277-bf08-839f33050477>	1051668.ttl	La Force du Destin. Les Dissonances, David Grimal	2016-05-30T20:30	
				
<http://data.doremus.org/performance/08737546-a99f-3498-8544-fbefd90948c4>	15331.ttl	La Force du Destin	2016-05-30T20:30	Similarité :0.3315
<http://data.doremus.org/performance/136637ff-fb91-3a02-9a9a-0a470eea8a62>	0909021.ttl	Domaine privé Marianne Faithfull	2016-05-30T20:30	
				
<http://data.doremus.org/performance/08737546-a99f-3498-8544-fbefd90948c4>	15331.ttl	La Force du Destin	2016-05-30T20:30	Similarité :0.36
<http://data.doremus.org/performance/8916af27-d3ef-3cd7-9686-5ffaf50a3d73>	0241475.ttl	Figures de la passion. François Couperin : Office des Ténèbres du mercredi saint, leçons et plain-chant	2016-05-30T20:30	
				
<http://data.doremus.org/performance/f40d2aa4-692b-3c9d-935a-b8e3635cb446>	16996.ttl	Youssou Ndour et le Super étoile	2016-11-15T20:30	Similarité :0.354
<http://data.doremus.org/performance/bbbf0b60-5c65-3e38-b301-edeb7c413912>	1059032.ttl	Mécaniques célestes. Ensemble intercontemporain	2016-11-15T20:30	
				
<http://data.doremus.org/performance/f85a4a97-594b-3061-96e8-7cd2d9e0c6b0>	13342.ttl	Orchestre de Paris - Christoph von Dohnányi - Martin Helmchen	2014-01-16T20:00	Similarité :0.364
<http://data.doremus.org/performance/1f331cd5-0328-3ab0-b4c2-5c14f3173ae2>	1012675.ttl	Intervalle. Paul Agnew, madrigaux livre VI	2014-01-16T20:00	
				
<http://data.doremus.org/performance/cd831281-5ed7-3786-8fb8-983fe878bf0d>	15481.ttl	Ludovico Einaudi	2016-01-30T20:30	Similarité :0.3255
<http://data.doremus.org/performance/168c0e69-47ed-3d1d-b23d-1b58b1ac97d9>	1049601.ttl	Week-end Stockhausen. Gruppen. Ensemble intercontemporain, Orchestre du Conservatoire de Paris	2016-01-30T20:30	
				
<http://data.doremus.org/performance/2732d535-6782-3a78-843c-887eac5c83f2>	15550.ttl	Ibrahim Maalouf	2015-12-13T16:30	Similarité :0.4565
<http://data.doremus.org/performance/a2d3f57e-626c-3a67-b82e-24c81195b4de>	1043878.ttl	Week-end A Oum Kalthoum. Ibrahim Maalouf	2015-12-13T16:30	
				
<http://data.doremus.org/performance/ae4a96aa-d0f2-36d5-a5d5-ff0b7d899d5c>	16600.ttl	Ibn Battuta, Le voyageur du temps partie 2	2016-11-04T20:30	Similarité :0.5955
<http://data.doremus.org/performance/71093560-3960-3434-bd25-52272e6fee2c>	1058633.ttl	Ibn Battuta de Damas en Chine. Hespèrion XXI, Jordi Savall	2016-11-04T20:30	
				
<http://data.doremus.org/performance/b0b3a38f-bb84-3ef6-b09b-f935af1b754b>	14059.ttl	Ouvrez !!!	2015-01-17T18:30	Similarité :0.357
<http://data.doremus.org/performance/191db78e-9a5f-3224-8226-28e047f4de22>	1029402.ttl	Week-end Portes ouvertes. Ouvrez !	2015-01-17T18:30	
				
<http://data.doremus.org/performance/8ed2ae60-2d2d-3e48-b648-063ded1587c2>	14567.ttl	Har Mar Superstar	2014-09-09T20:00	Similarité :0.34249999999999997
<http://data.doremus.org/performance/750d1152-1c68-30a4-b329-e6d874abc57c>	1021565.ttl	Jazz à la Villette. Joshua Redman and the Bad Plus	2014-09-09T20:00	
				
<http://data.doremus.org/performance/a04b7452-6c21-386d-8564-fae49266aacb>	14225.ttl	Daniel Barenboim	2015-05-18T20:30	Similarité :0.3715
<http://data.doremus.org/performance/5a36546b-4039-353f-ac86-b5130a919bb4>	1033415.ttl	Madrigaux amoureux. Paul Agnew, Les Arts Florissants	2015-05-18T20:30	
				
<http://data.doremus.org/performance/a04b7452-6c21-386d-8564-fae49266aacb>	14225.ttl	Daniel Barenboim	2015-05-18T20:30	Similarité :0.36150000000000004
<http://data.doremus.org/performance/46f41c60-5f40-3080-b4bf-97f27b4d79e4>	0885985.ttl	Via Zanzibar, la route orientale de l'esclavage. L'afrique islamisée, Kenya	2015-05-18T20:30	
				
<http://data.doremus.org/performance/c2409023-96fd-37d8-ace3-20ae1b15ec27>	14568.ttl	Marc Ribot Y Los Cubanos Postizos / Roberto Fonseca Solo	2014-09-10T20:00	Similarité :0.565
<http://data.doremus.org/performance/a25b7461-1640-3cdf-94f0-0458d356b8a2>	1021066.ttl	Jazz à la Villette. Roberto Fonseca solo	2014-09-10T20:00	
				
<http://data.doremus.org/performance/9d38fa76-d045-3be4-b4cf-3aa82feb71f1>	14466.ttl	Leçon de musique	2015-03-25T20:30	Similarité :0.5635
<http://data.doremus.org/performance/9f4ac172-c34e-3a2a-a294-e7045b77367b>	1032055.ttl	Une leçon de musique par William Christie, la rhétorique de la passion	2015-03-25T20:30	
				
<http://data.doremus.org/performance/9d38fa76-d045-3be4-b4cf-3aa82feb71f1>	14466.ttl	Leçon de musique	2015-03-25T20:30	Similarité :0.3165
<http://data.doremus.org/performance/a3d40768-3473-3ea1-909e-fc86f046b3b4>	0933256.ttl	Tchaïkovski, intégrale des symphonies. Symphonie n°1 et n°4	2015-03-25T20:30	
				
<http://data.doremus.org/performance/b246f03a-e689-3f93-89a1-5c6173c37844>	15941.ttl	Jeux de guerre, jeux de vilain	2016-04-13T14:30	Similarité :0.47950000000000004
<http://data.doremus.org/performance/56139b05-eaf1-367a-9319-ebd29ffd2800>	1063945.ttl	Concert participatif en famille. Jeux de guerre, jeux de vilain	2016-04-13T14:30	
				
<http://data.doremus.org/performance/8a91db9e-7ea8-33e0-971b-1980e137e8fd>	14117.ttl	Madrigaux amoureux	2015-05-18T20:30	Similarité :0.6495
<http://data.doremus.org/performance/5a36546b-4039-353f-ac86-b5130a919bb4>	1033415.ttl	Madrigaux amoureux. Paul Agnew, Les Arts Florissants	2015-05-18T20:30	
				
<http://data.doremus.org/performance/8a91db9e-7ea8-33e0-971b-1980e137e8fd>	14117.ttl	Madrigaux amoureux	2015-05-18T20:30	Similarité :0.322
<http://data.doremus.org/performance/46f41c60-5f40-3080-b4bf-97f27b4d79e4>	0885985.ttl	Via Zanzibar, la route orientale de l'esclavage. L'afrique islamisée, Kenya	2015-05-18T20:30	
				
<http://data.doremus.org/performance/7066ccf3-2f6a-3a2d-9920-3c1bef10edf3>	13196.ttl	Femi Kuti	2014-04-17T20:00	Similarité :0.316
<http://data.doremus.org/performance/aa7a6fd8-73d5-3c0c-a9b0-19861fda93f1>	1016891.ttl	African Remix. Lagos (Nigéria), Yisa Mirinda	2014-04-17T20:00	
				
<http://data.doremus.org/performance/7066ccf3-2f6a-3a2d-9920-3c1bef10edf3>	13196.ttl	Femi Kuti	2014-04-17T20:00	Similarité :0.3225
<http://data.doremus.org/performance/d8630341-ada9-352f-b77c-79c1ff5c78b1>	1017227.ttl	African Remix. Lagos (Nigéria). Femi Kuti & Positive Force	2014-04-17T20:00	
				
<http://data.doremus.org/performance/db852376-9536-358d-9d50-a6b1fd845535>	14265.ttl	Passion selon saint Jean	2015-04-04T20:30	Similarité :0.3835
<http://data.doremus.org/performance/6e0bac3d-f88a-3b03-bcd8-3a047b2b5082>	1032066.ttl	Week-end Bach. Passion selon saint Jean. Akademie für alte Musik Berlin, Rias Kammerchor, René Jacobs	2015-04-04T20:30	
				
<http://data.doremus.org/performance/786f10d1-1920-36c0-82d5-4f35db62bc9e>	15247.ttl	Beethoven Héroïque	2016-03-08T20:30	Similarité :0.6125
<http://data.doremus.org/performance/98effd47-d283-32c4-8d38-9ed89ba3f27b>	1047693.ttl	Beethoven Héroïque, Insula Orchestra, Laurence Equilbey	2016-03-08T20:30	
				
<http://data.doremus.org/performance/a0cf62f9-d95a-35de-9cdc-65a2879aff3c>	13210.ttl	Etienne Daho joue son nouvel album	2014-02-18T20:00	Similarité :0.344
<http://data.doremus.org/performance/1c7cf567-b60f-3136-948c-cd379f03a0d1>	1014020.ttl	Orchestre du Théâtre Mariinsky, Valery Gergiev, Vadim Repin	2014-02-18T20:00	
				
<http://data.doremus.org/performance/96148b0a-698f-3369-a2ce-e5d932125d06>	14123.ttl	Human Requiem	2015-06-11T20:30	Similarité :0.3045
<http://data.doremus.org/performance/1ae332a0-f9cf-3bed-8b6f-2ae10e40243b>	1035806.ttl	Répons de Pierre Boulez, Ensemble intercontemporain, Matthias Pintscher	2015-06-11T20:30	
				
<http://data.doremus.org/performance/475c56c5-f158-3e60-8f45-a3e2a43ec65b>	15180.ttl	Le Encantadas	2015-10-21T20:30	Similarité :0.364
<http://data.doremus.org/performance/e704839d-0dea-3008-9828-9dd8aab9ac1e>	1042894.ttl	Orchestre de Paris. Esa-Pekka Salonen	2015-10-21T20:30	
				
<http://data.doremus.org/performance/b5f28745-4843-3663-8576-7bf541c8390c>	14559.ttl	"James Carter \""Giant Steps\"" / Omar Sosa \""Kind of Blue\"""	2014-09-06T17:30	Similarité :0.5005
<http://data.doremus.org/performance/4553ef54-fe47-35d7-af9a-11a1086c1140>	1021050.ttl	"Jazz à la Villette. James Carter Organ Trio joue \""Giant Steps\"""	2014-09-06T17:30	
				
<http://data.doremus.org/performance/95cc2e3f-882e-3365-9ac8-ae37746e6e72>	13190.ttl	Les Arts Florissants	2014-05-28T20:00	Similarité :0.29100000000000004
<http://data.doremus.org/performance/163468dd-41cc-3818-a874-c867959fe603>	1018245.ttl	Intervalle Paul Agnew, madrigaux (livre VII)	2014-05-28T20:00	
				
<http://data.doremus.org/performance/60bf6b95-4bd6-30e7-a216-5ceb0cd78663>	17523.ttl	Laura Mvula	2016-09-10T20:00	Similarité :0.491
<http://data.doremus.org/performance/eedca036-889b-3bb1-bbea-ab32c6d1e99e>	1056452.ttl	Jazz à la Villette : Laura Mvula	2016-09-10T20:00	
				
<http://data.doremus.org/performance/b6475204-f8d9-3b3c-8482-66c0d2eec7f5>	17521.ttl	Avishai Cohen Quartet / Jacky Terrasson & Stephane Belmondo	2016-09-07T20:00	Similarité :0.35
<http://data.doremus.org/performance/07ed5731-0f0e-3706-be9b-80edb2652110>	1056441.ttl	Jazz à la Villette : GoGo Penguin	2016-09-07T20:00	
				
<http://data.doremus.org/performance/682ee9f6-f381-325a-b22f-452d77ffa2be>	14232.ttl	Répons de Pierre Boulez	2015-06-11T20:30	Similarité :0.5795
<http://data.doremus.org/performance/1ae332a0-f9cf-3bed-8b6f-2ae10e40243b>	1035806.ttl	Répons de Pierre Boulez, Ensemble intercontemporain, Matthias Pintscher	2015-06-11T20:30	
				
<http://data.doremus.org/performance/2e701f09-245e-365f-a10a-4d3906f4db96>	15179.ttl	Grand soir	2015-10-10T20:30	Similarité :0.355
<http://data.doremus.org/performance/02930d8d-adbf-3d1a-ba82-f17772f51951>	1041823.ttl	Week-end Turbulences numériques. Grand soir	2015-10-10T20:30	
				
<http://data.doremus.org/performance/26a684af-137f-324d-a312-5888f8830ffd>	14050.ttl	La Chambre Philharmonique - Emmanuel Krivine - Bertrand Chamayou	2014-11-28T20:00	Similarité :0.4405
<http://data.doremus.org/performance/9f20765f-a362-3006-8728-8aada29f805a>	1024947.ttl	Wiener Symphoniker, Philippe Jordan, Khatia Buniatishvili, Rainer Küblböck	2014-11-28T20:00	
				
<http://data.doremus.org/performance/f6206575-9cd6-309b-8c3f-5cdda47dbc52>	13530.ttl	Jean Rondeau	2014-03-21T19:00	Similarité :0.39999999999999997
<http://data.doremus.org/performance/08c478e2-5750-3821-9733-e14efc7ad8cd>	1015038.ttl	Johann Sebastian Bach. Les Tempéraments	2014-03-21T19:00	
				
<http://data.doremus.org/performance/4dba73ad-c010-389a-8f6f-52ed68c86262>	14360.ttl	Gustavo Dudamel 1	2015-01-24T20:30	Similarité :0.46399999999999997
<http://data.doremus.org/performance/bfe06cde-99b6-349f-94e8-1861fcb095d5>	1029288.ttl	Week-end Nouvelles vagues. Gustavo Dudamel 1	2015-01-24T20:30	
				
<http://data.doremus.org/performance/3afc879d-33a9-38cc-9dd5-b63643ac9455>	17623.ttl	Sarah Murcia & Vic Moan (carte blanche à Sarah Murcia)	2016-09-10T20:00	Similarité :0.401
<http://data.doremus.org/performance/eedca036-889b-3bb1-bbea-ab32c6d1e99e>	1056452.ttl	Jazz à la Villette : Laura Mvula	2016-09-10T20:00	
				
<http://data.doremus.org/performance/c44adbfb-508f-3d79-841a-32972edb382c>	15536.ttl	Quatuor Casals	2016-01-23T17:00	Similarité :0.499
<http://data.doremus.org/performance/f2913927-0a51-3e1c-a936-f575679cb004>	1045778.ttl	Biennale de quatuors à cordes. Quatuor Casals	2016-01-23T17:00	
				
<http://data.doremus.org/performance/003b840d-4bc2-30e0-80d3-14f435ef70a8>	14284.ttl	London Symphony Orchestra - Peter Eötvös	2015-04-20T20:30	Similarité :0.339
<http://data.doremus.org/performance/97e99afd-42e7-3c3a-9b45-f768f7f6a986>	1033095.ttl	Madrigaux guerriers. Paul Agnew, Les Arts Florissants	2015-04-20T20:30	
				
<http://data.doremus.org/performance/70e0269e-f28f-363a-88cb-a573e2fb315d>	15174.ttl	Inauguration de l’orgue symphonique	2015-10-28T20:30	Similarité :0.40599999999999997
<http://data.doremus.org/performance/998f84db-7bdc-32a7-8e47-738d7f3f7666>	1042334.ttl	Concert dansé. Peter Von Poehl, Héla Fattoumi, Eric Lamoureux	2015-10-28T20:30	
				
<http://data.doremus.org/performance/7ba02fd5-4c50-3716-a05c-b89d062c3e35>	15441.ttl	Higelin symphonique	2015-10-24T20:30	Similarité :0.508
<http://data.doremus.org/performance/98681c12-da5c-30c7-a27f-ecd1b28ec5e4>	1042324.ttl	Week-end Jacques Higelin. Higelin symphonique	2015-10-24T20:30	
				
<http://data.doremus.org/performance/d8ec4f72-bb31-3c6f-97cd-0ce32538f9fa>	17809.ttl	Grand soir	2017-09-23T20:30	Similarité :0.521
<http://data.doremus.org/performance/bdf5f41c-3e2f-31b6-926b-8621c71c59ac>	1072541.ttl	Grand soir : Ensemble intercontemporain : Duncan Ward	2017-09-23T20:30	
				
<http://data.doremus.org/performance/7d6d0b58-a953-3a65-b413-07d369cfcba6>	17800.ttl	Orchestre Métropolitain de Montréal	2017-12-02T20:30	Similarité :0.5835
<http://data.doremus.org/performance/dccb5907-8988-3a3a-a64c-b3a8e9fdb1b1>	1072554.ttl	Orchestre Métropolitain de Montréal : Yannick Nézet-Séguin, Stéphane Tétreault, Alexandre Tharaud : Elgar, Ravel, Debussy	2017-12-02T20:30	
				
<http://data.doremus.org/performance/7d6d0b58-a953-3a65-b413-07d369cfcba6>	17800.ttl	Orchestre Métropolitain de Montréal	2017-12-02T20:30	Similarité :0.39649999999999996
<http://data.doremus.org/performance/f38f983a-0832-3825-a9f3-9407438aded3>	0815267.ttl	Extase et transe : nuit indienne. Terry Riley : In C	2017-12-02T20:30	
				
<http://data.doremus.org/performance/60176e5f-cb62-3473-b727-93a494d657cd>	16673.ttl	Paris en fête !	2017-01-29T19:00	Similarité :0.379
<http://data.doremus.org/performance/b0e1ff02-4443-32c2-94dd-02f70235a8de>	1062157.ttl	Biennale d'art vocal. Paris en fête ! Les Siècles	2017-01-29T19:00	
				
<http://data.doremus.org/performance/7b31e2e9-f953-3b33-9956-cbae9ab4bfa6>	17838.ttl	Les Planètes HD	2017-11-24T20:30	Similarité :0.301
<http://data.doremus.org/performance/6cb674ba-5ba4-3666-ba77-f8fabae27bf8>	1074291.ttl	Jeanne Cherhal et Bachar Mar-Khalifé. ARBA - Autour de Barbara	2017-11-24T20:30	
				
<http://data.doremus.org/performance/627cde29-b555-3ba2-a22e-0efbed8f91bb>	17801.ttl	Orchestre Métropolitain de Montréal	2017-12-03T16:30	Similarité :0.571
<http://data.doremus.org/performance/2eb72b3e-91a6-3071-9879-830b860cc6da>	1072563.ttl	Orchestre Métropolitain de Montréal : Yannick Nézet-Séguin, Marie-Nicole Lemieux, Jean-Guihen Queyras : Berlioz, Saint-Saëns, Elgar	2017-12-03T16:30	
				
<http://data.doremus.org/performance/fd73ea20-d486-31f0-8deb-ae09080f34cb>	16713.ttl	Rothko Chapel	2017-02-24T20:30	Similarité :0.595
<http://data.doremus.org/performance/905af3a1-86de-3db6-ae7b-fcb972b7f88f>	1062230.ttl	Rothko Chapel. Ensemble intercontemporain	2017-02-24T20:30	
				
<http://data.doremus.org/performance/2c38b057-72b1-34de-ab25-32b9c539354b>	18490.ttl	Devendra Banhart	2017-07-06T20:30	Similarité :0.33599999999999997
<http://data.doremus.org/performance/9cdead65-814f-312e-a142-be22ac2d778c>	1069996.ttl	Un concert à emporter, festival Days Off. Lisa Hannigan	2017-07-06T20:30	
				
<http://data.doremus.org/performance/bb0b5218-239e-3c31-9253-c10e08153d8e>	16765.ttl	Monty Alexander	2017-04-23T18:00	Similarité :0.4475
<http://data.doremus.org/performance/dfb65c08-4179-3941-b588-f972b00f8f36>	1065461.ttl	Week-end Jamaica. Monty Alexander. Harlem Kingston express	2017-04-23T18:00	
				
<http://data.doremus.org/performance/bb0b5218-239e-3c31-9253-c10e08153d8e>	16765.ttl	Monty Alexander	2017-04-23T18:00	Similarité :0.4085
<http://data.doremus.org/performance/b040dc3e-5ef4-3dc6-9b0c-76a0b18b1b93>	0241861.ttl	Flamenco à la cité. Fosforito	2017-04-23T18:00	
				
<http://data.doremus.org/performance/cf4a8757-3786-3eca-9cb2-fca4cf432fd9>	16738.ttl	Orchestre de Paris	2017-03-30T20:30	Similarité :0.345
<http://data.doremus.org/performance/6aaa1610-cdfa-39da-ac09-f43a2707b5d1>	1070492.ttl	Genesis. Ensemble intercontemporain	2017-03-30T20:30	
				
<http://data.doremus.org/performance/cf4a8757-3786-3eca-9cb2-fca4cf432fd9>	16738.ttl	Orchestre de Paris	2017-03-30T20:30	Similarité :0.4425
<http://data.doremus.org/performance/65cf6b18-0813-33da-9a2c-68e6acb355e5>	0921476.ttl	Arthur H et ses invités	2017-03-30T20:30	
				
<http://data.doremus.org/performance/cf4a8757-3786-3eca-9cb2-fca4cf432fd9>	16738.ttl	Orchestre de Paris	2017-03-30T20:30	Similarité :0.48000000000000004
<http://data.doremus.org/performance/7a9e4073-8fac-3146-a3e1-5618152bcba0>	0241959.ttl	Richard Goode, récital de piano	2017-03-30T20:30	
				
<http://data.doremus.org/performance/98389c7a-1499-3f5a-a75a-50ff941dea3b>	16729.ttl	Hommage à Pierre Boulez	2017-03-18T20:30	Similarité :0.477
<http://data.doremus.org/performance/e4f5a3b3-bd76-3054-9622-58fe5ef2ffec>	1063596.ttl	Week-end EIC 40. Hommage à Pierre Boulez. Ensemble intercontemporain	2017-03-18T20:30	
				
<http://data.doremus.org/performance/98389c7a-1499-3f5a-a75a-50ff941dea3b>	16729.ttl	Hommage à Pierre Boulez	2017-03-18T20:30	Similarité :0.364
<http://data.doremus.org/performance/d739f31c-6f57-3905-aaa4-75b220a246c4>	0241358.ttl	Amérique. Made in the USA	2017-03-18T20:30	
				
<http://data.doremus.org/performance/eb007022-a4c5-3b28-8d76-5dfc58638cf6>	18479.ttl	Michael Kiwanuka / James Vincent McMorrow	2017-07-05T20:30	Similarité :0.641
<http://data.doremus.org/performance/4afa5d7c-c7ef-34a2-bcae-93f17daf159f>	1069432.ttl	Festival Days Off. James Vincent McMorrow	2017-07-05T20:30	
				
<http://data.doremus.org/performance/eb007022-a4c5-3b28-8d76-5dfc58638cf6>	18479.ttl	Michael Kiwanuka / James Vincent McMorrow	2017-07-05T20:30	Similarité :0.3755
<http://data.doremus.org/performance/a2d25d33-83ae-3510-84c6-407df4783974>	1070004.ttl	Un concert à emporter, festival Days Off. Juliette Armanet	2017-07-05T20:30	
				
<http://data.doremus.org/performance/2c32bb94-fcbc-3d77-babf-337ac62b0317>	17102.ttl	Jamaican Revue	2017-04-21T20:30	Similarité :0.566
<http://data.doremus.org/performance/3db825a1-af77-3c0a-9bdd-ce306d84186f>	1066242.ttl	"Jamaican Revue. Lee \""Scratch\"" Perry and the Homegrownband"	2017-04-21T20:30	
				
<http://data.doremus.org/performance/2c32bb94-fcbc-3d77-babf-337ac62b0317>	17102.ttl	Jamaican Revue	2017-04-21T20:30	Similarité :0.577
<http://data.doremus.org/performance/7dec5a9b-8bdd-39b9-8e01-87232a1e7420>	1066237.ttl	Jamaican Revue. Johnny Osbourne & the Homegrown Band	2017-04-21T20:30	
				
<http://data.doremus.org/performance/51f9c347-e7ca-3852-8fd7-b81620826e37>	17312.ttl	Oratorio de Noël	2016-12-17T20:30	Similarité :0.4155
<http://data.doremus.org/performance/ce81de8b-19e8-340a-8b2b-66ab224a5a2f>	1061549.ttl	Week-end Joyeuses fêtes. Oratorio de Noël	2016-12-17T20:30	
				
<http://data.doremus.org/performance/4533cbb5-4476-3b9c-9348-896200131a10>	16690.ttl	Tamsin Waley-Cohen	2017-01-14T20:30	Similarité :0.4105
<http://data.doremus.org/performance/2a266c1f-dbf6-3272-bfb1-b762b7721025>	1060483.ttl	Week-end Maintenant. Rone	2017-01-14T20:30	
				
<http://data.doremus.org/performance/1fb69e3b-6c58-3d7e-bb0a-234afe23975a>	16675.ttl	Leonidas Kavakos Yuja Wang 	2017-01-30T20:30	Similarité :0.35750000000000004
<http://data.doremus.org/performance/7966c253-0cd2-39a7-bd27-21a34e5a75fa>	1062228.ttl	Les Dissonances, David Grimal	2017-01-30T20:30	
				
<http://data.doremus.org/performance/8e1284ec-9f61-36e2-9916-0b0112afa603>	18912.ttl	" Grand Orchestre du Tricot \""Zeus\"""	2017-09-09T20:00	Similarité :0.4255
<http://data.doremus.org/performance/bca010ae-d7d6-3f11-a5ae-fbea6ad9f7c4>	1071753.ttl	Jazz à la Villette : Tony Allen	2017-09-09T20:00	
				
<http://data.doremus.org/performance/8e1284ec-9f61-36e2-9916-0b0112afa603>	18912.ttl	" Grand Orchestre du Tricot \""Zeus\"""	2017-09-09T20:00	Similarité :0.4235
<http://data.doremus.org/performance/d7c6eaca-a715-31c7-9190-97db0fd5d78e>	1071757.ttl	Jazz à la Villette : Sinkane	2017-09-09T20:00	
				
<http://data.doremus.org/performance/8e1284ec-9f61-36e2-9916-0b0112afa603>	18912.ttl	" Grand Orchestre du Tricot \""Zeus\"""	2017-09-09T20:00	Similarité :0.38049999999999995
<http://data.doremus.org/performance/85b74d6f-ac92-33ee-a493-9a3a09c27ff2>	1071760.ttl	Jazz à la Villette : Curtis Harding	2017-09-09T20:00	
				
<http://data.doremus.org/performance/8e1284ec-9f61-36e2-9916-0b0112afa603>	18912.ttl	" Grand Orchestre du Tricot \""Zeus\"""	2017-09-09T20:00	Similarité :0.4475
<http://data.doremus.org/performance/03492e88-3716-389e-a2db-6841c1839317>	0241135.ttl	Jean-Sébastien Bach. Trois cantates	2017-09-09T20:00	
				
<http://data.doremus.org/performance/e660d924-e3e8-361d-8726-d84da7cada8d>	18856.ttl	Curtis Harding / Sinkane / Tony Allen	2017-09-09T20:00	Similarité :0.485
<http://data.doremus.org/performance/bca010ae-d7d6-3f11-a5ae-fbea6ad9f7c4>	1071753.ttl	Jazz à la Villette : Tony Allen	2017-09-09T20:00	
				
<http://data.doremus.org/performance/e660d924-e3e8-361d-8726-d84da7cada8d>	18856.ttl	Curtis Harding / Sinkane / Tony Allen	2017-09-09T20:00	Similarité :0.4165
<http://data.doremus.org/performance/d7c6eaca-a715-31c7-9190-97db0fd5d78e>	1071757.ttl	Jazz à la Villette : Sinkane	2017-09-09T20:00	
				
<http://data.doremus.org/performance/e660d924-e3e8-361d-8726-d84da7cada8d>	18856.ttl	Curtis Harding / Sinkane / Tony Allen	2017-09-09T20:00	Similarité :0.3745
<http://data.doremus.org/performance/85b74d6f-ac92-33ee-a493-9a3a09c27ff2>	1071760.ttl	Jazz à la Villette : Curtis Harding	2017-09-09T20:00	
				
<http://data.doremus.org/performance/e660d924-e3e8-361d-8726-d84da7cada8d>	18856.ttl	Curtis Harding / Sinkane / Tony Allen	2017-09-09T20:00	Similarité :0.4185
<http://data.doremus.org/performance/03492e88-3716-389e-a2db-6841c1839317>	0241135.ttl	Jean-Sébastien Bach. Trois cantates	2017-09-09T20:00	
				
<http://data.doremus.org/performance/1560979c-7eaf-308b-8395-563026cb7d6c>	18855.ttl	Gregory Porter	2017-09-05T20:00	Similarité :0.2955
<http://data.doremus.org/performance/e673759f-4339-3026-9416-b521ff595cc7>	1071733.ttl	Jazz à la Villette : Don Bryant & The Bo-Keys	2017-09-05T20:00	
				
<http://data.doremus.org/performance/e071d44b-2f04-3323-adf1-fb63f4fc2dc5>	17790.ttl	La Danse	2017-10-26T20:30	Similarité :0.458
<http://data.doremus.org/performance/e57e8f5c-53f4-3126-96fe-5f6cc1228dad>	1072545.ttl	La Danse : Les Dissonances, David Grimal : Beethoven, Stravinski	2017-10-26T20:30	
				
<http://data.doremus.org/performance/53a5b917-6c19-344a-aae8-7826137c88a5>	18109.ttl	Orchestre de Paris / Gabel	2017-02-07T20:30	Similarité :0.4625
<http://data.doremus.org/performance/7ea40df2-546d-330c-b97a-f47fb9c82728>	1062702.ttl	Chamber Orchestra of Europe, Yannick Nézet-Séguin	2017-02-07T20:30	
				
<http://data.doremus.org/performance/8d7ce939-5931-372c-a477-f037cfa97d42>	16805.ttl	Quartiers Latins	2017-01-30T20:30	Similarité :0.35550000000000004
<http://data.doremus.org/performance/7966c253-0cd2-39a7-bd27-21a34e5a75fa>	1062228.ttl	Les Dissonances, David Grimal	2017-01-30T20:30	
				
<http://data.doremus.org/performance/9f5f3c85-d6e0-3f56-9e79-f445fb751a88>	17188.ttl	Zlata Chochieva	2017-04-18T20:30	Similarité :0.5425
<http://data.doremus.org/performance/08be7c1c-7ac3-3830-bf9c-7fd5efafdbba>	1065610.ttl	Sonya Yoncheva	2017-04-18T20:30	
				
<http://data.doremus.org/performance/e82d5ed1-dd72-31d0-9302-a613babf80c9>	17792.ttl	Orchestre de Paris - Harding	2017-04-18T20:30	Similarité :0.328
<http://data.doremus.org/performance/08be7c1c-7ac3-3830-bf9c-7fd5efafdbba>	1065610.ttl	Sonya Yoncheva	2017-04-18T20:30	
				
<http://data.doremus.org/performance/a36f2b30-b383-3b49-9819-05578387e837>	17823.ttl	Avant-scènes	2017-10-26T20:30	Similarité :0.3675
<http://data.doremus.org/performance/e57e8f5c-53f4-3126-96fe-5f6cc1228dad>	1072545.ttl	La Danse : Les Dissonances, David Grimal : Beethoven, Stravinski	2017-10-26T20:30	
				
<http://data.doremus.org/performance/abf8830f-d311-368f-8303-9d3fd6c24a64>	18250.ttl	Les Fables de La Fontaine en musique	2017-10-26T20:30	Similarité :0.374
<http://data.doremus.org/performance/e57e8f5c-53f4-3126-96fe-5f6cc1228dad>	1072545.ttl	La Danse : Les Dissonances, David Grimal : Beethoven, Stravinski	2017-10-26T20:30	
				
<http://data.doremus.org/performance/2fe262bf-3e06-324a-8e7e-a17887bb7c88>	17942.ttl	Khatia Buniatishvili	2018-02-06T20:30	Similarité :0.3415
<http://data.doremus.org/performance/c76e225c-3d2e-3801-8384-240860fb7227>	1076345.ttl	Bach en sept paroles : V : des profondeurs. Pygmalion - Raphaël Pichon	2018-02-06T20:30	
				
<http://data.doremus.org/performance/657b2f6d-c9ec-3533-924d-77ba3bee7c81>	17741.ttl	Ouverture de la Saison de la Colombie en France	2017-06-23T20:00	Similarité :0.5395
<http://data.doremus.org/performance/8302afe8-efba-36a2-a6b6-710633d996ed>	1067132.ttl	Ouverture de l'année de la Colombie en France. Orchestre Démos - Philharmonie de Paris et Orchestre jovenes de Colombia	2017-06-23T20:00	
				
<http://data.doremus.org/performance/056f4b48-9300-3e86-8122-8fc4b3d32710>	18475.ttl	Savages / Kate Tempest	2017-07-04T20:30	Similarité :0.458
<http://data.doremus.org/performance/353c037e-c6c9-3e4f-87f6-1755a4395bb2>	1069994.ttl	Un concert à emporter, festival Days Off. Kate Tempest	2017-07-04T20:30	
				
<http://data.doremus.org/performance/50aa39ec-b1a7-38bc-ade6-f4ff7cd5f88a>	16879.ttl	Rone	2017-01-14T20:30	Similarité :0.2785
<http://data.doremus.org/performance/2a266c1f-dbf6-3272-bfb1-b762b7721025>	1060483.ttl	Week-end Maintenant. Rone	2017-01-14T20:30	
				
<http://data.doremus.org/performance/6acf77a3-ea2f-3c6d-9114-9879020aad8d>	17869.ttl	Orchestre de Paris	2017-12-21T20:30	Similarité :0.528
<http://data.doremus.org/performance/4e823360-4ec6-3983-8194-caf39f0f16bd>	1072568.ttl	Orchestre de Paris : Daniel Harding, Magdalena Kozena, Andrew Staples, John Relyea	2017-12-21T20:30	
				
<http://data.doremus.org/performance/a3b4ec33-38e1-3ae2-bfab-97f6245ead6d>	17849.ttl	Sorciers et sorcières	2017-11-11T16:30	Similarité :0.44599999999999995
<http://data.doremus.org/performance/69253920-1436-38f2-9c1d-44e96e71c4f6>	1073191.ttl	Week-end Fantastique. Sorciers et sorcières, concert participatif en famille	2017-11-11T16:30	
				
<http://data.doremus.org/performance/763ef8c7-637b-346e-be2d-5b052ee29596>	17938.ttl	Rising Stars	2018-01-30T20:30	Similarité :0.32899999999999996
<http://data.doremus.org/performance/a676833e-ed67-3fd1-934f-0de4f34df5c2>	1075612.ttl	Bach en sept paroles : IV : châtiments	2018-01-30T20:30	
				
<http://data.doremus.org/performance/2cfe6b15-8001-3045-8ca3-e374b48b0b6d>	17069.ttl	Les Amazones d'Afrique	2017-03-12T18:00	Similarité :0.493
<http://data.doremus.org/performance/b89f5ac0-2670-33d3-ba1c-e45646dd4794>	1062911.ttl	Week-end African Queens. Les Amazones d'Afrique	2017-03-12T18:00	
				
<http://data.doremus.org/performance/ef656ca1-f495-3e65-8c72-7daf454c155d>	10773.ttl	Ludwig van Beethoven , symphonies n° 8 et 5	2011-04-16T16:30	Similarité :0.616
<http://data.doremus.org/performance/6474550b-2d1a-325a-8247-99503babc8bc>	0964313.ttl	Beethoven visionnaire. Symphonies n°8 et 5	2011-04-16T16:30	
				
<http://data.doremus.org/performance/5f228df6-c17c-33ce-9584-cb64fb4358bd>	11087.ttl	Orchestre de Paris - Philippe Aïche - Elisabeth Leonskaja - Richard Mc Nicol	2010-11-07T11:00	Similarité :0.4095
<http://data.doremus.org/performance/30ea4aa0-7796-3b6f-b644-d09d520dfaf4>	0952342.ttl	Concert en famille. Edvard Grieg, concerto pour piano, Peer Gynt (extraits)	2010-11-07T11:00	
				
<http://data.doremus.org/performance/5f228df6-c17c-33ce-9584-cb64fb4358bd>	11087.ttl	Orchestre de Paris - Philippe Aïche - Elisabeth Leonskaja - Richard Mc Nicol	2010-11-07T11:00	Similarité :0.428
<http://data.doremus.org/performance/c0725c71-bb66-3513-a9c4-7e05701157bc>	0241112.ttl	Cité-chanson. Juliette : rimes féminines	2010-11-07T11:00	
				
<http://data.doremus.org/performance/5f228df6-c17c-33ce-9584-cb64fb4358bd>	11087.ttl	Orchestre de Paris - Philippe Aïche - Elisabeth Leonskaja - Richard Mc Nicol	2010-11-07T11:00	Similarité :0.4305
<http://data.doremus.org/performance/8b141ddf-1ec0-3133-abb2-4deb430bc627>	0240436.ttl	Musiques et danses en Asie centrale. Fête au Tadjikistan	2010-11-07T11:00	
				
<http://data.doremus.org/performance/c6268064-46f0-3e5d-aeb5-46f24d16fa53>	10967.ttl	Orchestre Philharmonique de Radio France - Andrey Boreyko	2011-01-28T20:00	Similarité :0.4135
<http://data.doremus.org/performance/02c05fe8-284f-3c37-9c82-6ae4c8d38d6d>	0958142.ttl	Réel / virtuel. Double Points : Outis	2011-01-28T20:00	
				
<http://data.doremus.org/performance/c6268064-46f0-3e5d-aeb5-46f24d16fa53>	10967.ttl	Orchestre Philharmonique de Radio France - Andrey Boreyko	2011-01-28T20:00	Similarité :0.424
<http://data.doremus.org/performance/05d96004-0dfe-306d-a678-c057390dbb1c>	0901340.ttl	La grande nouba. Le malouf algérien (Constantine). Salim Fergani et son ensemble	2011-01-28T20:00	
				
<http://data.doremus.org/performance/47343d42-8e24-3a28-895b-310f64853420>	10774.ttl	Ludwig van Beethoven, symphonies n°1 et 3	2011-04-16T20:00	Similarité :0.5609999999999999
<http://data.doremus.org/performance/141a2d16-026f-3894-9045-80c164bcaab3>	0964314.ttl	"Beethoven visionnaire. Symphonies n°1 et 3 \""Eroica\"""	2011-04-16T20:00	
				
<http://data.doremus.org/performance/c0b07b79-0ef2-3df5-a407-0fbb5058501b>	12110.ttl	Pierre Baux & Vincent Courtois	2011-09-10T20:00	Similarité :0.3335
<http://data.doremus.org/performance/d5f4f503-2d73-3894-b9a1-8adb65e87fca>	0987922.ttl	Jazz à la Villette. Fred Wesley and the New JB's	2011-09-10T20:00	
				
<http://data.doremus.org/performance/71877885-99f7-3e00-996b-456f7c7f3be9>	10733.ttl	Les Dissonances	2011-01-07T20:00	Similarité :0.314
<http://data.doremus.org/performance/15198688-34bd-373e-b4e0-7a359bba4e9b>	0956005.ttl	Orchestre Philharmonique de Radio France	2011-01-07T20:00	
				
<http://data.doremus.org/performance/8a90303b-9c2e-386b-864a-5c59a3dbefff>	12098.ttl	"Aldo Romano \""Tribute to Don Cherry\"""	2011-09-04T16:30	Similarité :0.35650000000000004
<http://data.doremus.org/performance/822f919b-75cd-3129-b572-ed103d04132c>	0974508.ttl	Jazz à la Villette. The Jeff Ballard Trio feat. Lionel Loueke & Miguel Zenón	2011-09-04T16:30	
				
<http://data.doremus.org/performance/139b8c67-173f-3cf8-a9a5-5e65f6ec33fe>	11020.ttl	Rising Stars : Apollon Musagete Quartet	2011-01-13T20:00	Similarité :0.4305
<http://data.doremus.org/performance/2abf43e2-e7a6-36d0-9745-f8580baabaa7>	0957530.ttl	Orchestre de Paris, Paavo Järvi, Janine Jansen, Antoine Tamestit	2011-01-13T20:00	
				
<http://data.doremus.org/performance/8fc70a00-62c6-3826-b1ac-f641267c95f6>	6139.ttl	L'Inde : le jour	2008-09-28T07:30	Similarité :0.47
<http://data.doremus.org/performance/0218e41a-ad1d-3e58-aaf1-bcb67f02e608>	1018560.ttl	L'Inde, 24 heures du Raga : le jour. Inde du Sud : Musique rituelle des temples	2008-09-28T07:30	
				
<http://data.doremus.org/performance/55854687-72ef-32db-b8e8-f226bb4da254>	10698.ttl	Ensemble intercontemporain	2010-11-27T20:00	Similarité :0.421
<http://data.doremus.org/performance/2faf8de4-800d-3630-9144-aac838be03aa>	0953738.ttl	Orchestre Philharmonique de Radio France. Alan Gilbert. Yvonne Naef	2010-11-27T20:00	
				
<http://data.doremus.org/performance/55854687-72ef-32db-b8e8-f226bb4da254>	10698.ttl	Ensemble intercontemporain	2010-11-27T20:00	Similarité :0.621
<http://data.doremus.org/performance/2d2f38f6-c084-32be-8986-ee1eb2c30daf>	0951661.ttl	L'art total. Ensemble intercontemporain, Bruno Mantovani	2010-11-27T20:00	
				
<http://data.doremus.org/performance/7ccacd34-424d-3d7d-93dd-08367682f519>	11007.ttl	Orchestre de Paris - Christoph Eschenbach - Emanuel Ax	2011-03-23T20:00	Similarité :0.34850000000000003
<http://data.doremus.org/performance/226b4f2d-7223-30bf-8d38-e3e6b3b87690>	0961909.ttl	Menahem Pressler	2011-03-23T20:00	
				
<http://data.doremus.org/performance/2953f8cd-1929-3df1-9308-530c87d2a969>	10740.ttl	Patti Smith - Picturing Robert 	2011-01-18T20:00	Similarité :0.4145
<http://data.doremus.org/performance/3e9f2093-0d70-3066-94f6-9a4d7d46f60c>	0955975.ttl	Chamber Orchestra of Europe. Bernard Haitink	2011-01-18T20:00	
				
<http://data.doremus.org/performance/55425acd-a300-3cd9-97b5-19a5f5aea32b>	10974.ttl	Staatskapelle Berlin - Daniel Barenboim - Yefim Bronfman	2011-02-05T20:00	Similarité :0.3925
<http://data.doremus.org/performance/f1f48185-9acc-3da3-a8d0-7d96fa9e3009>	0958852.ttl	Ethiopie. Addis Abeba aujourd'hui	2011-02-05T20:00	
				
<http://data.doremus.org/performance/b3df0608-3bbf-3a2f-b013-5516b100be79>	10763.ttl	The Indian Queen - Les Arts Florissants	2011-03-29T20:00	Similarité :0.44399999999999995
<http://data.doremus.org/performance/8525b8cc-dea8-36d0-8475-a5693c0e9250>	0961830.ttl	Les Indes baroques. The Indian Queen	2011-03-29T20:00	
				
<http://data.doremus.org/performance/5c70e639-2dfd-374d-bd71-ca7e920b226b>	10878.ttl	Orchestre Philharmonique de Radio France - Alan Gilbert - Yvonne Naef	2010-11-27T20:00	Similarité :0.455
<http://data.doremus.org/performance/2d2f38f6-c084-32be-8986-ee1eb2c30daf>	0951661.ttl	L'art total. Ensemble intercontemporain, Bruno Mantovani	2010-11-27T20:00	
				
<http://data.doremus.org/performance/17e03e19-59e6-37ea-805b-7e311e945a0b>	10998.ttl	Budapest Festival Orchestra - Iván Fischer - Petra Lang	2011-03-05T20:00	Similarité :0.4425
<http://data.doremus.org/performance/f1271d45-48f0-3c6a-a519-8826ede0c1d4>	0779333.ttl	L'Inde du Nord. Récital de danse kathak	2011-03-05T20:00	
				
<http://data.doremus.org/performance/17e03e19-59e6-37ea-805b-7e311e945a0b>	10998.ttl	Budapest Festival Orchestra - Iván Fischer - Petra Lang	2011-03-05T20:00	Similarité :0.29800000000000004
<http://data.doremus.org/performance/bb06acc2-dfe6-3e93-b15b-6e7083054233>	0961126.ttl	Liszt / Nono	2011-03-05T20:00	
				
<http://data.doremus.org/performance/ecf14b0e-3ee5-30f2-9982-625b0c964176>	10771.ttl	Ludwig van Beethoven, symphonies n°4 et 7 	2011-04-14T20:00	Similarité :0.616
<http://data.doremus.org/performance/14e751cd-6bf2-3d22-a8e3-2618077ff050>	0964311.ttl	Beethoven visionnaire. Symphonies n°4 et 7	2011-04-14T20:00	
				
<http://data.doremus.org/performance/68e83142-5b44-3e42-a2fa-8550c31523c0>	10756.ttl	Accentus / Axe 21 - Brigitte Engerer	2011-03-05T20:00	Similarité :0.374
<http://data.doremus.org/performance/3c0ca17a-467e-3286-bb2b-9ea3acfeb569>	0960343.ttl	Budapest Festival Orchestra	2011-03-05T20:00	
				
<http://data.doremus.org/performance/68e83142-5b44-3e42-a2fa-8550c31523c0>	10756.ttl	Accentus / Axe 21 - Brigitte Engerer	2011-03-05T20:00	Similarité :0.348
<http://data.doremus.org/performance/f1271d45-48f0-3c6a-a519-8826ede0c1d4>	0779333.ttl	L'Inde du Nord. Récital de danse kathak	2011-03-05T20:00	
				
<http://data.doremus.org/performance/68e83142-5b44-3e42-a2fa-8550c31523c0>	10756.ttl	Accentus / Axe 21 - Brigitte Engerer	2011-03-05T20:00	Similarité :0.2475
<http://data.doremus.org/performance/bb06acc2-dfe6-3e93-b15b-6e7083054233>	0961126.ttl	Liszt / Nono	2011-03-05T20:00	
				
<http://data.doremus.org/performance/f68dc159-53ca-31ae-98a4-8711e9a00bbc>	11105.ttl	Solistes des Berliner Philharmoniker - Yuja Wang	2011-03-20T16:30	Similarité :0.4555
<http://data.doremus.org/performance/7582efd4-8fa2-367e-9a41-db3f4b21f1a9>	0961895.ttl	Leçon de musique. Interpréter Mozart et Chopin.	2011-03-20T16:30	
				
<http://data.doremus.org/performance/6878b2dd-a48c-319d-bc6c-0be509aacf06>	10955.ttl	Ariane et Barbe Bleue - Orchestre Philharmonique de Radio France - Deroyer 	2011-04-15T20:00	Similarité :0.38749999999999996
<http://data.doremus.org/performance/89712c4a-465a-3092-808a-66efe7f70bcd>	0964312.ttl	Beethoven visionnaire. Symphonies n°2 et 6	2011-04-15T20:00	
				
<http://data.doremus.org/performance/c61acbb0-bd6c-354d-8b5e-1f30e619ae05>	10772.ttl	Ludwig van Beethoven , symphonies n° 2 et 6	2011-04-15T20:00	Similarité :0.616
<http://data.doremus.org/performance/89712c4a-465a-3092-808a-66efe7f70bcd>	0964312.ttl	Beethoven visionnaire. Symphonies n°2 et 6	2011-04-15T20:00	
				
<http://data.doremus.org/performance/c49adb19-454d-3dc4-8564-1aff9141ea79>	10817.ttl	Jazzmaris / Zeritu	2011-02-05T20:00	Similarité :0.3085
<http://data.doremus.org/performance/f1f48185-9acc-3da3-a8d0-7d96fa9e3009>	0958852.ttl	Ethiopie. Addis Abeba aujourd'hui	2011-02-05T20:00	
				
<http://data.doremus.org/performance/f8f14bbe-88f5-398f-a78a-f50ad95e232f>	10746.ttl	Hanspeter Kyburz - Emio Greco / Musique et danse en temps réel	2011-01-28T20:00	Similarité :0.395
<http://data.doremus.org/performance/02c05fe8-284f-3c37-9c82-6ae4c8d38d6d>	0958142.ttl	Réel / virtuel. Double Points : Outis	2011-01-28T20:00	
				
<http://data.doremus.org/performance/f8f14bbe-88f5-398f-a78a-f50ad95e232f>	10746.ttl	Hanspeter Kyburz - Emio Greco / Musique et danse en temps réel	2011-01-28T20:00	Similarité :0.445
<http://data.doremus.org/performance/05d96004-0dfe-306d-a678-c057390dbb1c>	0901340.ttl	La grande nouba. Le malouf algérien (Constantine). Salim Fergani et son ensemble	2011-01-28T20:00	
				
<http://data.doremus.org/performance/bf41773d-59b7-3361-b967-e09c4c694180>	10764.ttl	Le piano selon Lang Lang	2011-03-30T15:00	Similarité :0.5515
<http://data.doremus.org/performance/10fb18a1-97f9-3eff-8451-4398fdff3667>	0961889.ttl	Concert éducatif. Le piano selon Lang Lang	2011-03-30T15:00	
				
<http://data.doremus.org/performance/6780bdb6-7770-323a-9933-44d24fcd5727>	11457.ttl	Castrats divas	2011-11-17T20:00	Similarité :0.5115000000000001
<http://data.doremus.org/performance/5c2c97d2-9e6a-3780-8dd7-ca098738571a>	0977240.ttl	Masculin / Féminin. Castrats divas	2011-11-17T20:00	
				
<http://data.doremus.org/performance/24c3660f-dfb6-39c1-aea3-718194110ecb>	11679.ttl	Beethoven / Haitink - Chamber Orchestra of Europe 	2012-03-02T20:00	Similarité :0.488
<http://data.doremus.org/performance/cffd232a-b220-3ede-8e09-71b605ffecdb>	0982741.ttl	Chamber Orchestra of Europe, Bernard Haitink, Ludwig van Beethoven	2012-03-02T20:00	
				
<http://data.doremus.org/performance/317f7fbd-76ed-3b8b-8b14-e37505028f73>	11626.ttl	Orchestre Colonne - Laurent Petitgirard - Jean-Claude Pennetier	2011-12-06T20:00	Similarité :0.41600000000000004
<http://data.doremus.org/performance/20b5f680-47da-36f8-a7b7-b5520198e473>	0978480.ttl	Zita Swoon, Anne Teresa de Keersmaeker : dancing with the Sound Hobbyist	2011-12-06T20:00	
				
<http://data.doremus.org/performance/43163d7e-1e17-35b0-b042-138e1404c147>	12672.ttl	Orchestre Philharmonique de Radio France - Shi-Yeon Sung - Truls Mørk	2011-12-06T20:00	Similarité :0.40800000000000003
<http://data.doremus.org/performance/20b5f680-47da-36f8-a7b7-b5520198e473>	0978480.ttl	Zita Swoon, Anne Teresa de Keersmaeker : dancing with the Sound Hobbyist	2011-12-06T20:00	
				
<http://data.doremus.org/performance/5afbb329-babe-33e6-8225-cf901d70b313>	11471.ttl	Les Arts Florissants	2011-10-09T16:30	Similarité :0.362
<http://data.doremus.org/performance/3d5719e9-32ae-3ff8-99d0-bc10104840a7>	0975583.ttl	Les larmes. Madrigaux (livre I) de Claudio Monteverdi	2011-10-09T16:30	
				
<http://data.doremus.org/performance/44aa8a56-7c1e-3f5c-a0a4-7c2160ad1833>	13285.ttl	Orchestre de Paris - Paavo Järvi - Yefim Bronfman 	2013-10-24T20:00	Similarité :0.257
<http://data.doremus.org/performance/769a0e5d-6db0-31f7-bdad-532aac859370>	1010257.ttl	Europunk. Buzzcocks	2013-10-24T20:00	
				
<http://data.doremus.org/performance/44aa8a56-7c1e-3f5c-a0a4-7c2160ad1833>	13285.ttl	Orchestre de Paris - Paavo Järvi - Yefim Bronfman 	2013-10-24T20:00	Similarité :0.39649999999999996
<http://data.doremus.org/performance/250858ea-350c-3539-964d-578d430034c4>	1010119.ttl	Europunk. Frustration	2013-10-24T20:00	
				
<http://data.doremus.org/performance/ae6caaae-de4c-345a-84b1-852892107516>	11505.ttl	Quatuor Ysaÿe	2012-01-21T11:00	Similarité :0.432
<http://data.doremus.org/performance/3342a06e-a0db-3cf0-8864-19c996e2fc62>	0980052.ttl	5e biennale quatuors à cordes : Quatuor Ysaÿe	2012-01-21T11:00	
				
<http://data.doremus.org/performance/d3c0a048-070d-399d-b395-55996071c85a>	11547.ttl	Ensemble intercontemporain / Alain Altinoglu / Nora Gubisch	2012-04-25T20:00	Similarité :0.49449999999999994
<http://data.doremus.org/performance/7090473d-ef51-318e-a839-89e4867c5420>	0987023.ttl	Nora Gubisch, Ensemble intercontemporain	2012-04-25T20:00	
				
<http://data.doremus.org/performance/9e6a58b9-1527-32d5-a2ea-20f3b79a18b6>	12694.ttl	Reigen 	2012-04-25T20:00	Similarité :0.34800000000000003
<http://data.doremus.org/performance/7090473d-ef51-318e-a839-89e4867c5420>	0987023.ttl	Nora Gubisch, Ensemble intercontemporain	2012-04-25T20:00	
				
<http://data.doremus.org/performance/dfefdf35-14f3-3d4b-9c3a-3d12c9bab1aa>	12960.ttl	Bryce Dessner, Nico Muhly & Sufjan Stevens	2012-07-06T20:00	Similarité :0.39749999999999996
<http://data.doremus.org/performance/f0c2439d-f98b-353a-b2da-31233ac36983>	0989993.ttl	Festival Days Off : Other Lives	2012-07-06T20:00	
				
<http://data.doremus.org/performance/68ed2ded-c87c-32a0-8f98-c84b1f2579f6>	12444.ttl	Ensemble intercontemporain - Conservatoire de Paris - David Robertson	2012-07-06T20:00	Similarité :0.35950000000000004
<http://data.doremus.org/performance/f0c2439d-f98b-353a-b2da-31233ac36983>	0989993.ttl	Festival Days Off : Other Lives	2012-07-06T20:00	
				
<http://data.doremus.org/performance/cb8c5409-267d-38c1-9ca3-73aa458e249b>	12465.ttl	Orchestre National du Capitole de Toulouse - Tugan Sokhiev - Nicholas Angelich	2013-04-06T20:00	Similarité :0.4205
<http://data.doremus.org/performance/9fb1e71f-eafe-3b2e-9359-90b27dd4b6fa>	1004172.ttl	Schönberg / Stravinski. Stravinski en mode hip-hop	2013-04-06T20:00	
				
<http://data.doremus.org/performance/14c52acc-5dc2-32ba-a988-543872a338e8>	13173.ttl	Holograms / Cheveu / Kap Bambino	2013-10-26T20:00	Similarité :0.42100000000000004
<http://data.doremus.org/performance/c01468e1-6fe2-389e-abc8-6d5657c6009f>	1010258.ttl	Europunk. Cheveu	2013-10-26T20:00	
				
<http://data.doremus.org/performance/14c52acc-5dc2-32ba-a988-543872a338e8>	13173.ttl	Holograms / Cheveu / Kap Bambino	2013-10-26T20:00	Similarité :0.34199999999999997
<http://data.doremus.org/performance/5038e66b-c2e1-3b0a-a730-0021aa2ce460>	0241232.ttl	Marseille sur scène, la scène marseillaise, tradition, innovations	2013-10-26T20:00	
				
<http://data.doremus.org/performance/762f582c-88e4-324f-9dc3-e8c900d6df3e>	13205.ttl	Pittsburgh Symphony Orchestra - Manfred Honeck - Yuja Wang	2013-09-06T20:00	Similarité :0.2965
<http://data.doremus.org/performance/02021595-3e12-37c0-9c64-756dd47d8122>	1007919.ttl	Jazz à la Villette. The Lightnin 3	2013-09-06T20:00	
				
<http://data.doremus.org/performance/762f582c-88e4-324f-9dc3-e8c900d6df3e>	13205.ttl	Pittsburgh Symphony Orchestra - Manfred Honeck - Yuja Wang	2013-09-06T20:00	Similarité :0.3195
<http://data.doremus.org/performance/01777d7e-2538-3d90-a334-90a38cc5613a>	1007917.ttl	Jazz à la Villette. Neil Young Never Sleeps	2013-09-06T20:00	
				
<http://data.doremus.org/performance/145b4eb9-356e-3b3e-b736-d1bb5abae23b>	12531.ttl	Royal Concertgebouw Orchestra - Mariss Jansons	2013-09-06T20:00	Similarité :0.365
<http://data.doremus.org/performance/02021595-3e12-37c0-9c64-756dd47d8122>	1007919.ttl	Jazz à la Villette. The Lightnin 3	2013-09-06T20:00	
				
<http://data.doremus.org/performance/145b4eb9-356e-3b3e-b736-d1bb5abae23b>	12531.ttl	Royal Concertgebouw Orchestra - Mariss Jansons	2013-09-06T20:00	Similarité :0.35100000000000003
<http://data.doremus.org/performance/01777d7e-2538-3d90-a334-90a38cc5613a>	1007917.ttl	Jazz à la Villette. Neil Young Never Sleeps	2013-09-06T20:00	
				
<http://data.doremus.org/performance/31224350-40ae-3564-a0c8-d9b2e531708f>	12768.ttl	Emilie Simon	2012-04-29T20:00	Similarité :0.6455
<http://data.doremus.org/performance/9b659b22-488d-3dd7-b061-aa57cdfd6cdb>	0987470.ttl	"Emilie Simon, \""a night with Franky\"""	2012-04-29T20:00	
				
<http://data.doremus.org/performance/f01382e5-c8a2-339b-9001-fcd6379d9a0a>	11519.ttl	Le Martyre de saint Sébastien / Debussy	2012-01-31T20:00	Similarité :0.611
<http://data.doremus.org/performance/81494b02-21f6-36cf-88d9-f7b080aa523a>	0980782.ttl	L'esprit Debussy. Le Martyre de saint Sébastien	2012-01-31T20:00	
				
<http://data.doremus.org/performance/024fb342-a011-31c2-9847-1b062b288a69>	11506.ttl	Prazák Quartet / Vladimir Bukac	2012-01-21T20:30	Similarité :0.6060000000000001
<http://data.doremus.org/performance/c5cdf8da-e918-3d82-b9bc-5dcf0c2d9e59>	0980797.ttl	5e biennale quatuors à cordes : Prazàk Quartet, Vladimir Bukac	2012-01-21T20:30	
				
<http://data.doremus.org/performance/b3d272d2-d531-3d76-86d3-989d34d03006>	11630.ttl	Orchestre Philharmonique de Radio France - Vladimir Ashkenazy - Patricia Kopatchinskaja	2011-12-16T20:00	Similarité :0.40800000000000003
<http://data.doremus.org/performance/dfdd14bd-1b9e-32c8-9efa-0d66ce945df1>	0979092.ttl	La folie. Madrigaux (livre II) de Claudio Monteverdi	2011-12-16T20:00	
				
<http://data.doremus.org/performance/0844a74f-2545-32b1-9499-a804349bff23>	11864.ttl	Moriarty	2012-03-08T20:00	Similarité :0.389
<http://data.doremus.org/performance/e985b1a0-212c-3097-996b-5939ae2d62da>	0983206.ttl	Bob Dylan revisited. Moriarty : Before Dylan	2012-03-08T20:00	
				
<http://data.doremus.org/performance/80a9af33-9658-3bf5-8503-d4f22a67b29f>	12490.ttl	Nina Stemme - Swedish Chamber Orchestra - Thomas Dausgaard	2012-03-08T20:00	Similarité :0.39649999999999996
<http://data.doremus.org/performance/e985b1a0-212c-3097-996b-5939ae2d62da>	0983206.ttl	Bob Dylan revisited. Moriarty : Before Dylan	2012-03-08T20:00	
				
<http://data.doremus.org/performance/a526b2a3-5425-30a8-a623-3ebd040be1a9>	12488.ttl	Menahem Pressler	2012-03-08T20:00	Similarité :0.37250000000000005
<http://data.doremus.org/performance/e985b1a0-212c-3097-996b-5939ae2d62da>	0983206.ttl	Bob Dylan revisited. Moriarty : Before Dylan	2012-03-08T20:00	
				
<http://data.doremus.org/performance/ae32e225-e3c9-3832-a748-2f1c9e74ec50>	11564.ttl	Echo et Narcisse/Christoph Willibald Gluck	2012-03-16T20:00	Similarité :0.4145
<http://data.doremus.org/performance/7728c0a1-7562-36da-b399-f7b2ddbea81a>	0983800.ttl	Orchestre Philharmonique de Radio France, Myung-Whun Chung	2012-03-16T20:00	
				
<http://data.doremus.org/performance/e6da006b-c556-36d4-8c83-b2a30a228ca2>	11574.ttl	London Symphony Orchestra - Sir Colin Davis	2011-09-17T20:00	Similarité :0.3775
<http://data.doremus.org/performance/ed31974d-8e0c-333e-bf0b-16c3c1cc170b>	0972007.ttl	Passions, le désordre amoureux. Duos amoureux	2011-09-17T20:00	
				
<http://data.doremus.org/performance/798f03a2-43a4-38d6-a747-e1488cbd746a>	12722.ttl	Katia et Marielle Labèque - Minimalist Dream House	2011-09-17T20:00	Similarité :0.369
<http://data.doremus.org/performance/ed31974d-8e0c-333e-bf0b-16c3c1cc170b>	0972007.ttl	Passions, le désordre amoureux. Duos amoureux	2011-09-17T20:00	
				
<http://data.doremus.org/performance/3167c8e9-a493-3cf8-b115-611505fda83e>	11936.ttl	Anna Netrebko / CONCERT ANNULE / CANCELLED	2012-01-31T20:00	Similarité :0.365
<http://data.doremus.org/performance/81494b02-21f6-36cf-88d9-f7b080aa523a>	0980782.ttl	L'esprit Debussy. Le Martyre de saint Sébastien	2012-01-31T20:00	
				
<http://data.doremus.org/performance/1f6d3c03-d480-3abb-8e43-b98fc6fdae78>	12505.ttl	Orchestre Colonne - Laurent Petitgirard - Jean-Philippe Collard	2012-01-31T20:00	Similarité :0.38749999999999996
<http://data.doremus.org/performance/81494b02-21f6-36cf-88d9-f7b080aa523a>	0980782.ttl	L'esprit Debussy. Le Martyre de saint Sébastien	2012-01-31T20:00	
				
<http://data.doremus.org/performance/a0c33c49-b1a6-32a8-a0f0-39ccb60ab7db>	11456.ttl	Jeanne la Pucelle	2011-11-16T20:00	Similarité :0.518
<http://data.doremus.org/performance/bb0db213-bb6b-3d49-9015-3ae8a7e1d9c9>	0977235.ttl	Masculin / Féminin. Jeanne la Pucelle	2011-11-16T20:00	
				
<http://data.doremus.org/performance/6172c767-92fe-3028-a5ed-94422228e840>	12573.ttl	Pollini Perspectives	2011-11-16T20:00	Similarité :0.404
<http://data.doremus.org/performance/bb0db213-bb6b-3d49-9015-3ae8a7e1d9c9>	0977235.ttl	Masculin / Féminin. Jeanne la Pucelle	2011-11-16T20:00	
				
<http://data.doremus.org/performance/e2a84cf1-f695-3b85-86ec-950c90dc76d6>	12827.ttl	Prélude	2011-11-16T20:00	Similarité :0.3005
<http://data.doremus.org/performance/bb0db213-bb6b-3d49-9015-3ae8a7e1d9c9>	0977235.ttl	Masculin / Féminin. Jeanne la Pucelle	2011-11-16T20:00	
				
<http://data.doremus.org/performance/b91c1d02-ff14-3597-b772-2849e2510df7>	11522.ttl	Solistes de l'Ensemble intercontemporain	2012-02-11T20:00	Similarité :0.34750000000000003
<http://data.doremus.org/performance/495729d5-d3d5-32e4-8c67-3c15f5743dff>	1007280.ttl	L'Inde, 24 heures autour du Raga : Inde du Nord : Sarod	2012-02-11T20:00	
				
<http://data.doremus.org/performance/b23819bf-4beb-3a90-ab87-b60dac5d8bcc>	11701.ttl	Orchestre Philharmonique de Radio France - Gustavo Dudamel	2012-04-13T20:00	Similarité :0.40049999999999997
<http://data.doremus.org/performance/b1da7ef1-3844-335b-ae2b-6693b3e0f517>	0949201.ttl	Les ballets russes. Les Siècles. Daniel Mesguich	2012-04-13T20:00	
				
<http://data.doremus.org/performance/9f1ab73d-9a33-3923-b06a-c0f01bdccb8c>	11436.ttl	Les Caprices de l'amour - Sandrine Piau / Detlef Roth	2011-09-17T20:00	Similarité :0.431
<http://data.doremus.org/performance/ed31974d-8e0c-333e-bf0b-16c3c1cc170b>	0972007.ttl	Passions, le désordre amoureux. Duos amoureux	2011-09-17T20:00	
				
<http://data.doremus.org/performance/c984eb68-42a5-3b99-a49b-996e99e37f09>	12229.ttl	Lounis Aït Menguellet	2013-04-19T20:00	Similarité :0.325
<http://data.doremus.org/performance/87104ee0-ef87-3a58-b16d-523b7f22ac27>	1002176.ttl	Domaine privé Kaija Saariaho. Orchestre Philharmonique de Radio France, Santtu-Matias Rouvali, Anu Komsi	2013-04-19T20:00	
				
<http://data.doremus.org/performance/7da7a82b-fa22-3df9-a983-6b1d6982d3e1>	11643.ttl	Jason Moran	2012-03-02T20:00	Similarité :0.3345
<http://data.doremus.org/performance/cffd232a-b220-3ede-8e09-71b605ffecdb>	0982741.ttl	Chamber Orchestra of Europe, Bernard Haitink, Ludwig van Beethoven	2012-03-02T20:00	
				
<http://data.doremus.org/performance/5dc3c7b9-1222-3cc8-977c-5e67f0cc5995>	12611.ttl	Les Dissonances - David Grimal	2012-03-02T20:00	Similarité :0.3355
<http://data.doremus.org/performance/cffd232a-b220-3ede-8e09-71b605ffecdb>	0982741.ttl	Chamber Orchestra of Europe, Bernard Haitink, Ludwig van Beethoven	2012-03-02T20:00	
				
<http://data.doremus.org/performance/18ac8369-a229-3071-a477-f2373ad93184>	12646.ttl	De Nino Rota à Ennio Morricone	2013-03-29T20:00	Similarité :0.373
<http://data.doremus.org/performance/6604b8bf-62f6-3168-93a1-95c57daa8197>	1000295.ttl	Orchestre Philharmonique de Radio France, Daniel Harding. La Chute de Fukuyama (opéra vidéo)	2013-03-29T20:00	
				
<http://data.doremus.org/performance/99ee1e3b-9bbc-307b-b266-bd795aad8c4a>	12697.ttl	Flamenco !	2013-03-29T20:00	Similarité :0.307
<http://data.doremus.org/performance/6604b8bf-62f6-3168-93a1-95c57daa8197>	1000295.ttl	Orchestre Philharmonique de Radio France, Daniel Harding. La Chute de Fukuyama (opéra vidéo)	2013-03-29T20:00	
				
<http://data.doremus.org/performance/5b63d15f-ab67-32be-b3d4-0e1f01eaa8a9>	12350.ttl	Sir John Eliot Gardiner	2013-04-06T20:00	Similarité :0.442
<http://data.doremus.org/performance/9fb1e71f-eafe-3b2e-9359-90b27dd4b6fa>	1004172.ttl	Schönberg / Stravinski. Stravinski en mode hip-hop	2013-04-06T20:00	
				
<http://data.doremus.org/performance/3a64b7a5-bf28-3b54-b5e3-6b81f2bab131>	12554.ttl	Boris Berezovsky - Quatuor Borodine	2013-04-06T20:00	Similarité :0.42
<http://data.doremus.org/performance/9fb1e71f-eafe-3b2e-9359-90b27dd4b6fa>	1004172.ttl	Schönberg / Stravinski. Stravinski en mode hip-hop	2013-04-06T20:00	
				
<http://data.doremus.org/performance/84730e5f-9e7d-3c6e-be2b-c3802b91ecc0>	13172.ttl	Public Image Limited	2013-10-23T20:00	Similarité :0.302
<http://data.doremus.org/performance/f5cbf3b9-4442-34c3-a5fa-74515df1ba19>	1010184.ttl	Orchestre de Paris, Paavo Järvi, Yefim Bronfman	2013-10-23T20:00	
				
<http://data.doremus.org/performance/39a0b6c6-7d85-38e4-a23d-50d976252eab>	11489.ttl	Zita Swoon Group / Anne Teresa De Keersmaeker	2011-12-06T20:00	Similarité :0.6385
<http://data.doremus.org/performance/20b5f680-47da-36f8-a7b7-b5520198e473>	0978480.ttl	Zita Swoon, Anne Teresa de Keersmaeker : dancing with the Sound Hobbyist	2011-12-06T20:00	
				
<http://data.doremus.org/performance/449b8fbb-87fc-3927-aabc-8e270104f03f>	12375.ttl	Orchestre Révolutionnaire et Romantique - Monteverdi Choir - Sir John Eliot Gardiner	2011-12-06T20:00	Similarité :0.431
<http://data.doremus.org/performance/20b5f680-47da-36f8-a7b7-b5520198e473>	0978480.ttl	Zita Swoon, Anne Teresa de Keersmaeker : dancing with the Sound Hobbyist	2011-12-06T20:00	
				
<http://data.doremus.org/performance/d6bd8413-bedf-36a5-9ac9-f3d5ae3425bd>	11613.ttl	Richard Galliano, La Strada Quintet	2011-11-16T20:00	Similarité :0.308
<http://data.doremus.org/performance/bb0db213-bb6b-3d49-9015-3ae8a7e1d9c9>	0977235.ttl	Masculin / Féminin. Jeanne la Pucelle	2011-11-16T20:00	
				
<http://data.doremus.org/performance/dd380280-3d64-3f2c-98e5-bc154ff91b68>	11494.ttl	Rising Stars : Jakob Koranyi / Simon Crawford-Phillips	2012-01-06T20:00	Similarité :0.4185
<http://data.doremus.org/performance/309387bb-7876-328e-8c09-d64b8035fec2>	0980044.ttl	Orchestre Philharmonique de Radio France, Alexander Vedernikov, Mikhaïl Rudy	2012-01-06T20:00	
				
<http://data.doremus.org/performance/6b59172a-ef6f-3dab-91f7-fbf4655d7fb2>	11452.ttl	Jan Vogler / Hélène Grimaud	2011-11-06T16:30	Similarité :0.383
<http://data.doremus.org/performance/9c1fa6e8-7b5f-374a-8beb-fbfb27bd5f6d>	0933218.ttl	4e biennale quatuors à cordes. Quatuor Mosaïques	2011-11-06T16:30	
				
<http://data.doremus.org/performance/58545bb3-3bb4-3294-acd3-b40b4e0562e3>	12758.ttl	Hot Chip 	2012-07-07T20:00	Similarité :0.397
<http://data.doremus.org/performance/aac73ad0-df72-36fa-b5a1-878f09b9a3c7>	0989811.ttl	Festival Days Off : Hot Chip	2012-07-07T20:00	
				
<http://data.doremus.org/performance/ed4a489c-ebc6-3ddc-b187-b022ba71f99f>	11680.ttl	Beethoven / Haitink - Chamber Orchestra of Europe	2012-03-03T20:00	Similarité :0.488
<http://data.doremus.org/performance/6457a78d-8051-3914-b5a8-864fd3997709>	0982757.ttl	Chamber Orchestra of Europe, Bernard Haitink, Ludwig van Beethoven	2012-03-03T20:00	
				
<http://data.doremus.org/performance/f8f6c53a-eed8-398d-8664-5844ef5975f0>	11461.ttl	Scènes de folie	2011-12-09T20:00	Similarité :0.35350000000000004
<http://data.doremus.org/performance/626d6890-9445-31fd-aa60-228eb953377a>	0978428.ttl	Orchestre Philharmonique de Radio France - Alan Gilbert - Barry Douglas	2011-12-09T20:00	
				
<http://data.doremus.org/performance/0c4fc06f-cc2c-3226-8328-adc187c031cd>	13886.ttl	Beck	2011-12-09T20:00	Similarité :0.1815
<http://data.doremus.org/performance/626d6890-9445-31fd-aa60-228eb953377a>	0978428.ttl	Orchestre Philharmonique de Radio France - Alan Gilbert - Barry Douglas	2011-12-09T20:00	
				
<http://data.doremus.org/performance/6ef9abbf-5602-3aab-94f8-b40be067888e>	12519.ttl	Orchestre National du Capitole de Toulouse - Tugan Sokhiev - Vadim Gluzman	2011-12-09T20:00	Similarité :0.5685
<http://data.doremus.org/performance/626d6890-9445-31fd-aa60-228eb953377a>	0978428.ttl	Orchestre Philharmonique de Radio France - Alan Gilbert - Barry Douglas	2011-12-09T20:00	
				
<http://data.doremus.org/performance/43bbb060-1374-365b-9572-10fed201a28e>	12274.ttl	Les Arts Florissants, direction Paul Agnew	2011-12-09T20:00	Similarité :0.438
<http://data.doremus.org/performance/626d6890-9445-31fd-aa60-228eb953377a>	0978428.ttl	Orchestre Philharmonique de Radio France - Alan Gilbert - Barry Douglas	2011-12-09T20:00	
				
<http://data.doremus.org/performance/fcb5e5a9-27fe-3c70-a597-b74df8a4b6ac>	12251.ttl	Chamber Orchestra of Europe	2011-12-09T20:00	Similarité :0.434
<http://data.doremus.org/performance/626d6890-9445-31fd-aa60-228eb953377a>	0978428.ttl	Orchestre Philharmonique de Radio France - Alan Gilbert - Barry Douglas	2011-12-09T20:00	
				
<http://data.doremus.org/performance/7d38228c-4f63-318f-b337-60a66710b911>	11662.ttl	Orchestre de Paris - Lorin Maazel - Philippe Aïche	2011-12-09T20:00	Similarité :0.6005
<http://data.doremus.org/performance/626d6890-9445-31fd-aa60-228eb953377a>	0978428.ttl	Orchestre Philharmonique de Radio France - Alan Gilbert - Barry Douglas	2011-12-09T20:00	
				
<http://data.doremus.org/performance/cffee833-05a5-3838-9436-d674fe5b38b2>	12103.ttl	Maceo Parker // Fred Wesley & Pee Wee Ellis	2011-09-10T20:00	Similarité :0.5325
<http://data.doremus.org/performance/d5f4f503-2d73-3894-b9a1-8adb65e87fca>	0987922.ttl	Jazz à la Villette. Fred Wesley and the New JB's	2011-09-10T20:00	
				
<http://data.doremus.org/performance/df48648e-9c12-39b9-a98b-6d11f2fb2617>	12452.ttl	Ensemble intercontemporain - SWR Vokalensemble Stuttgart - Georges Benjamin	2013-10-07T20:00	Similarité :0.4355
<http://data.doremus.org/performance/6a10165b-40e0-39b7-8757-b3a74ee87b6c>	1009521.ttl	Orchestre Symphonique d'Etat de São Paulo, Marin Alsop, Nelson Freire	2013-10-07T20:00	
				
<http://data.doremus.org/performance/00b7d627-1665-363f-addb-b1d4b10be02d>	11470.ttl	Wagner / Le crépuscule des Dieux	2011-10-09T16:30	Similarité :0.42
<http://data.doremus.org/performance/3d5719e9-32ae-3ff8-99d0-bc10104840a7>	0975583.ttl	Les larmes. Madrigaux (livre I) de Claudio Monteverdi	2011-10-09T16:30	
				
<http://data.doremus.org/performance/2bb6b5fc-32c6-36fa-9c8e-a1b2de4ca0fd>	12662.ttl	Academy of St Martin in the Fields - Murray Perahia	2011-10-09T16:30	Similarité :0.439
<http://data.doremus.org/performance/3d5719e9-32ae-3ff8-99d0-bc10104840a7>	0975583.ttl	Les larmes. Madrigaux (livre I) de Claudio Monteverdi	2011-10-09T16:30	
				
<http://data.doremus.org/performance/f2fb6247-2990-3ae7-b760-843c87ed16d8>	12446.ttl	Rising Stars : Daniela Koch	2011-10-09T16:30	Similarité :0.4095
<http://data.doremus.org/performance/3d5719e9-32ae-3ff8-99d0-bc10104840a7>	0975583.ttl	Les larmes. Madrigaux (livre I) de Claudio Monteverdi	2011-10-09T16:30	
				
<http://data.doremus.org/performance/745940f3-5ba2-3f94-975c-3099946129eb>	11908.ttl	Orchestre de Paris - Sergey Khachatryan - Richard McNicol - CONCERT ANNULE	2012-01-21T11:00	Similarité :0.40349999999999997
<http://data.doremus.org/performance/3342a06e-a0db-3cf0-8864-19c996e2fc62>	0980052.ttl	5e biennale quatuors à cordes : Quatuor Ysaÿe	2012-01-21T11:00	
				
<http://data.doremus.org/performance/8e9f43ca-d3e4-3730-bf2c-969d7a62271e>	12272.ttl	Birds on a Wire / Rosemary's Songbook	2012-01-21T11:00	Similarité :0.37050000000000005
<http://data.doremus.org/performance/3342a06e-a0db-3cf0-8864-19c996e2fc62>	0980052.ttl	5e biennale quatuors à cordes : Quatuor Ysaÿe	2012-01-21T11:00	
				
<http://data.doremus.org/performance/ba0f68fa-99ed-36ac-a8e9-60fc015bc670>	12305.ttl	Suspiro flamenco. Compañia Manuela Carrasco	2012-01-21T11:00	Similarité :0.365
<http://data.doremus.org/performance/3342a06e-a0db-3cf0-8864-19c996e2fc62>	0980052.ttl	5e biennale quatuors à cordes : Quatuor Ysaÿe	2012-01-21T11:00	
				
<http://data.doremus.org/performance/044658a0-af07-32d5-9b2f-c710125b481b>	11790.ttl	Concerto Vocale / Akademie für Alte Musik Berlin / René Jacobs / Choeur de la Staatsoper de Berlin	2012-06-22T20:00	Similarité :0.4325
<http://data.doremus.org/performance/69ef5b75-3834-38f8-8982-c836b411f614>	0989283.ttl	La représentation de l'âme et du corps. René Jacobs	2012-06-22T20:00	
				
<http://data.doremus.org/performance/7ab7df61-c1af-3b8e-a4c0-20dbc3f46621>	12451.ttl	La Chambre Philharmonique - Emmanuel Krivine - Choeur de chambre Les Eléments	2012-06-22T20:00	Similarité :0.426
<http://data.doremus.org/performance/69ef5b75-3834-38f8-8982-c836b411f614>	0989283.ttl	La représentation de l'âme et du corps. René Jacobs	2012-06-22T20:00	
				
<http://data.doremus.org/performance/6a2c1f3c-07db-3e60-a112-f3687de49e07>	11523.ttl	Ensemble intercontemporain / Wolfgang Lischke	2012-02-10T20:00	Similarité :0.4285
<http://data.doremus.org/performance/c55aa049-0cb9-3b63-b9cb-52df32b20a33>	0981598.ttl	Orchestre Philharmonique de Radio France, Vasily Petrenko, Dimitri Voropaev, Sergei Leiferkus	2012-02-10T20:00	
				
<http://data.doremus.org/performance/19ebb3d9-d6c0-33ae-a4b6-e1c08203bc78>	11536.ttl	Nuit fantastique/ F Mendelssohn	2012-03-16T20:00	Similarité :0.40449999999999997
<http://data.doremus.org/performance/7728c0a1-7562-36da-b399-f7b2ddbea81a>	0983800.ttl	Orchestre Philharmonique de Radio France, Myung-Whun Chung	2012-03-16T20:00	
				
<http://data.doremus.org/performance/9932a994-d643-3622-8dc0-ad11f155feae>	12379.ttl	Phaéton	2012-03-16T20:00	Similarité :0.34850000000000003
<http://data.doremus.org/performance/7728c0a1-7562-36da-b399-f7b2ddbea81a>	0983800.ttl	Orchestre Philharmonique de Radio France, Myung-Whun Chung	2012-03-16T20:00	
				
<http://data.doremus.org/performance/b992ca8c-8150-3f25-b3cc-c699021095a6>	12201.ttl	ANNULATION / CANCELLATION Lugano à Paris - Martha Argerich et ses invités  	2012-02-11T20:00	Similarité :0.384
<http://data.doremus.org/performance/c4e134d6-e8bc-3f05-9706-63e1bfe5a761>	1005569.ttl	Des pieds et des mains. Solistes de l'Ensemble intercontemporain	2012-02-11T20:00	
				
<http://data.doremus.org/performance/b992ca8c-8150-3f25-b3cc-c699021095a6>	12201.ttl	ANNULATION / CANCELLATION Lugano à Paris - Martha Argerich et ses invités  	2012-02-11T20:00	Similarité :0.379
<http://data.doremus.org/performance/495729d5-d3d5-32e4-8c67-3c15f5743dff>	1007280.ttl	L'Inde, 24 heures autour du Raga : Inde du Nord : Sarod	2012-02-11T20:00	
				
<http://data.doremus.org/performance/8d9d7339-7da4-3477-8ea3-c538d1e5a034>	12284.ttl	Vanessa Wagner / Quayola & Sinigaglia	2012-02-11T20:00	Similarité :0.3665
<http://data.doremus.org/performance/c4e134d6-e8bc-3f05-9706-63e1bfe5a761>	1005569.ttl	Des pieds et des mains. Solistes de l'Ensemble intercontemporain	2012-02-11T20:00	
				
<http://data.doremus.org/performance/8d9d7339-7da4-3477-8ea3-c538d1e5a034>	12284.ttl	Vanessa Wagner / Quayola & Sinigaglia	2012-02-11T20:00	Similarité :0.35750000000000004
<http://data.doremus.org/performance/495729d5-d3d5-32e4-8c67-3c15f5743dff>	1007280.ttl	L'Inde, 24 heures autour du Raga : Inde du Nord : Sarod	2012-02-11T20:00	
				
<http://data.doremus.org/performance/9846245a-46ce-30b3-b085-ef5aa0c5fca8>	11453.ttl	Ensemble intercontemporain / Emilio Pomarico / Markus Brutscher	2011-11-09T20:00	Similarité :0.415
<http://data.doremus.org/performance/a761c966-5ad4-3746-b16a-32a07be21774>	0977247.ttl	Orchestre de Paris - Paavo Järvi - Dang Thai Son	2011-11-09T20:00	
				
<http://data.doremus.org/performance/e508ba90-25d8-3668-8dad-d33e032e58ce>	11752.ttl	En Chordais - Kyriakos Kalaitzidis - Maria Farantouri - Kudsi Erguner	2012-01-08T16:00	Similarité :0.37050000000000005
<http://data.doremus.org/performance/9cf73335-bb41-3035-806e-dce369bbc82a>	0980046.ttl	Méditerranée 2. Grèce - Turquie : la Porte d'Or (création)	2012-01-08T16:00	
				
<http://data.doremus.org/performance/814f7a80-8bb0-319f-8dd7-df428edcd736>	11682.ttl	Beethoven / Haitink - Chamber Orchestra of Europe	2012-03-05T20:00	Similarité :0.488
<http://data.doremus.org/performance/6d3920e5-faf9-3217-8eae-6dbf30142254>	0982760.ttl	Chamber Orchestra of Europe, Bernard Haitink, Ludwig van Beethoven	2012-03-05T20:00	
				
<http://data.doremus.org/performance/f1a653f9-1b86-34b7-a99a-14622444b5d4>	12241.ttl	Ensemble intercontemporain - Choeur de Radio France - Conservatoire de Paris - Susanna Mälkki 	2011-11-03T20:00	Similarité :0.4435
<http://data.doremus.org/performance/112aa869-effa-3f09-a1d5-a282995f6def>	0977014.ttl	Kammerorchester des Bayerischen Rundfunks - Hélène Grimaud - Sandrine Piau - Radoslaw Szulc	2011-11-03T20:00	
				
<http://data.doremus.org/performance/58e9d5c1-f025-33a5-875f-13a2ff9b44ea>	12683.ttl	Orchestre Philharmonique de Radio France - Lionel Bringuier - Jean-Yves Thibaudet	2011-11-03T20:00	Similarité :0.46199999999999997
<http://data.doremus.org/performance/112aa869-effa-3f09-a1d5-a282995f6def>	0977014.ttl	Kammerorchester des Bayerischen Rundfunks - Hélène Grimaud - Sandrine Piau - Radoslaw Szulc	2011-11-03T20:00	
				
<http://data.doremus.org/performance/88c075f4-1c83-324e-987a-6bf26cc45d12>	11868.ttl	Boris Berezovsky - Brigitte Engerer	2011-09-20T20:00	Similarité :0.4185
<http://data.doremus.org/performance/c77812de-0462-3a17-837b-9ae338046ae0>	0974273.ttl	Passions, le désordre amoureux. Ensemble Orchestral de Paris	2011-09-20T20:00	
				
<http://data.doremus.org/performance/f3c5a2ef-d7ae-3730-b721-bafdf1cde154>	13939.ttl	Opéra 3 - Didon et Enée	2011-09-20T20:00	Similarité :0.38949999999999996
<http://data.doremus.org/performance/c77812de-0462-3a17-837b-9ae338046ae0>	0974273.ttl	Passions, le désordre amoureux. Ensemble Orchestral de Paris	2011-09-20T20:00	
				
<http://data.doremus.org/performance/b90e0b48-84c7-3ba5-9f1f-a619c2c96ac9>	11614.ttl	Vadim Repin et invités	2011-11-17T20:00	Similarité :0.45749999999999996
<http://data.doremus.org/performance/5c2c97d2-9e6a-3780-8dd7-ca098738571a>	0977240.ttl	Masculin / Féminin. Castrats divas	2011-11-17T20:00	
				
<http://data.doremus.org/performance/fb9cf501-0d42-32b6-82ac-7b41b7afac40>	13174.ttl	Buzzcocks / Frustration	2013-10-24T20:00	Similarité :0.4085
<http://data.doremus.org/performance/769a0e5d-6db0-31f7-bdad-532aac859370>	1010257.ttl	Europunk. Buzzcocks	2013-10-24T20:00	
				
<http://data.doremus.org/performance/288ec8c1-3898-3def-9cf6-8dce6a0646a4>	11789.ttl	Patricia Petibon - Orchestre National du Capitole de Toulouse - Josep Pons	2011-11-05T20:00	Similarité :0.419
<http://data.doremus.org/performance/46ace278-c490-328b-9606-628ab5b64bdb>	0977016.ttl	Domaine privé Hélène Grimaud : Kammerorchester des Bayerischen Rundfunks, Hélène Grimaud, Radoslaw Szulc	2011-11-05T20:00	
				
<http://data.doremus.org/performance/15eafc16-0896-3add-a433-3dea2d1d7b29>	12478.ttl	Gautier Capuçon - Nicholas Angelich	2011-11-05T20:00	Similarité :0.39149999999999996
<http://data.doremus.org/performance/46ace278-c490-328b-9606-628ab5b64bdb>	0977016.ttl	Domaine privé Hélène Grimaud : Kammerorchester des Bayerischen Rundfunks, Hélène Grimaud, Radoslaw Szulc	2011-11-05T20:00	
				
<http://data.doremus.org/performance/cecef7d2-4749-3d71-b89b-575aa16a6bd0>	12441.ttl	Quartett de Luca Francesconi - opéra en version de concert	2011-11-05T20:00	Similarité :0.3825
<http://data.doremus.org/performance/46ace278-c490-328b-9606-628ab5b64bdb>	0977016.ttl	Domaine privé Hélène Grimaud : Kammerorchester des Bayerischen Rundfunks, Hélène Grimaud, Radoslaw Szulc	2011-11-05T20:00	
				
<http://data.doremus.org/performance/0a8f2362-e83f-38fb-8185-9efb10442c5e>	12668.ttl	Orchestre Philharmonique de Radio France - Vladimir Fedoseyev	2011-11-05T20:00	Similarité :0.4625
<http://data.doremus.org/performance/46ace278-c490-328b-9606-628ab5b64bdb>	0977016.ttl	Domaine privé Hélène Grimaud : Kammerorchester des Bayerischen Rundfunks, Hélène Grimaud, Radoslaw Szulc	2011-11-05T20:00	
